"mu","sigma","item_overlap","class_overlap","add_k","n_preferred","frac_detected","frac_ob_lt_ow","frac_ow_lt_ob","mean_ob_nobs","mean_ow_nobs","mean_log_ratio"
10,0.5,0.5,0.2,0.001,50,1,0,1,37.22,1,NA
30,0.5,0.5,0.2,0.001,50,1,0,1,14.74,1,NA
60,0.5,0.5,0.2,0.001,50,1,0,1,12.36,1,NA
100,0.5,0.5,0.2,0.001,50,1,0,1,11.28,1,NA
10,1,0.5,0.2,0.001,50,1,0,1,46.82,1,NA
30,1,0.5,0.2,0.001,50,1,0,1,16.06,1,NA
60,1,0.5,0.2,0.001,50,1,0,1,13.44,1,NA
100,1,0.5,0.2,0.001,50,1,0,1,12.22,1,NA
10,1.5,0.5,0.2,0.001,50,1,0,1,73.7,1,NA
30,1.5,0.5,0.2,0.001,50,1,0,1,23.44,1,NA
60,1.5,0.5,0.2,0.001,50,1,0,1,17.26,1,NA
100,1.5,0.5,0.2,0.001,50,1,0,1,15.3,1,NA
10,0.5,0.6,0.2,0.001,50,1,0,1,28.82,1,NA
30,0.5,0.6,0.2,0.001,50,1,0,1,12.96,1,NA
60,0.5,0.6,0.2,0.001,50,1,0,1,10.22,1,NA
100,0.5,0.6,0.2,0.001,50,1,0,1,8.34,1,NA
10,1,0.6,0.2,0.001,50,1,0,1,31.76,1,NA
30,1,0.6,0.2,0.001,50,1,0,1,14.2,1,NA
60,1,0.6,0.2,0.001,50,1,0,1,11.7,1,NA
100,1,0.6,0.2,0.001,50,1,0,1,9.72,1,NA
10,1.5,0.6,0.2,0.001,50,1,0,1,48.74,1,NA
30,1.5,0.6,0.2,0.001,50,1,0,1,18.76,1,NA
60,1.5,0.6,0.2,0.001,50,1,0,1,14.64,1,NA
100,1.5,0.6,0.2,0.001,50,1,0,1,12.5,1,NA
10,0.5,0.7,0.2,0.001,50,1,0,1,23.66,1,NA
30,0.5,0.7,0.2,0.001,50,1,0,1,11.16,1,NA
60,0.5,0.7,0.2,0.001,50,1,0,1,8.66,1,NA
100,0.5,0.7,0.2,0.001,50,1,0,1,7.8,1,NA
10,1,0.7,0.2,0.001,50,1,0,1,26.18,1,NA
30,1,0.7,0.2,0.001,50,1,0,1,12.96,1,NA
60,1,0.7,0.2,0.001,50,1,0,1,9.56,1,NA
100,1,0.7,0.2,0.001,50,1,0,1,8.64,1,NA
10,1.5,0.7,0.2,0.001,50,1,0,1,38.14,1,NA
30,1.5,0.7,0.2,0.001,50,1,0,1,15.3,1,NA
60,1.5,0.7,0.2,0.001,50,1,0,1,12.66,1,NA
100,1.5,0.7,0.2,0.001,50,1,0,1,10.84,1,NA
10,0.5,0.5,0.3,0.001,50,1,0,1,60.22,1,NA
30,0.5,0.5,0.3,0.001,50,1,0,1,20.28,1,NA
60,0.5,0.5,0.3,0.001,50,1,0,1,16.12,1,NA
100,0.5,0.5,0.3,0.001,50,1,0,1,14.56,1,NA
10,1,0.5,0.3,0.001,50,1,0,1,78.42,1,NA
30,1,0.5,0.3,0.001,50,1,0,1,25.66,1,NA
60,1,0.5,0.3,0.001,50,1,0,1,19.2,1,NA
100,1,0.5,0.3,0.001,50,1,0,1,16.5,1,NA
10,1.5,0.5,0.3,0.001,50,0.98,0,0.98,197.367346938776,1,NA
30,1.5,0.5,0.3,0.001,50,1,0,1,37.18,1,NA
60,1.5,0.5,0.3,0.001,50,1,0,1,25.04,1,NA
100,1.5,0.5,0.3,0.001,50,1,0,1,20.74,1,NA
10,0.5,0.6,0.3,0.001,50,1,0,1,38.9,1,NA
30,0.5,0.6,0.3,0.001,50,1,0,1,16.18,1,NA
60,0.5,0.6,0.3,0.001,50,1,0,1,13.7,1,NA
100,0.5,0.6,0.3,0.001,50,1,0,1,11.08,1,NA
10,1,0.6,0.3,0.001,50,1,0,1,49.3,1,NA
30,1,0.6,0.3,0.001,50,1,0,1,17.3,1,NA
60,1,0.6,0.3,0.001,50,1,0,1,14.3,1,NA
100,1,0.6,0.3,0.001,50,1,0,1,13.08,1,NA
10,1.5,0.6,0.3,0.001,50,1,0,1,84.46,1,NA
30,1.5,0.6,0.3,0.001,50,1,0,1,25.16,1,NA
60,1.5,0.6,0.3,0.001,50,1,0,1,18.56,1,NA
100,1.5,0.6,0.3,0.001,50,1,0,1,14.42,1,NA
10,0.5,0.7,0.3,0.001,50,1,0,1,28.4,1,NA
30,0.5,0.7,0.3,0.001,50,1,0,1,13.92,1,NA
60,0.5,0.7,0.3,0.001,50,1,0,1,10.86,1,NA
100,0.5,0.7,0.3,0.001,50,1,0,1,9.26,1,NA
10,1,0.7,0.3,0.001,50,1,0,1,32.84,1,NA
30,1,0.7,0.3,0.001,50,1,0,1,14.92,1,NA
60,1,0.7,0.3,0.001,50,1,0,1,12.14,1,NA
100,1,0.7,0.3,0.001,50,1,0,1,10.18,1,NA
10,1.5,0.7,0.3,0.001,50,1,0,1,46.68,1,NA
30,1.5,0.7,0.3,0.001,50,1,0,1,18.4,1,NA
60,1.5,0.7,0.3,0.001,50,1,0,1,14.32,1,NA
100,1.5,0.7,0.3,0.001,50,1,0,1,13.38,1,NA
10,0.5,0.5,0.4,0.001,50,1,0,1,150.58,1,NA
30,0.5,0.5,0.4,0.001,50,1,0,1,44.76,1,NA
60,0.5,0.5,0.4,0.001,50,1,0,1,32.94,1,NA
100,0.5,0.5,0.4,0.001,50,1,0,1,28.3,1,NA
10,1,0.5,0.4,0.001,50,1,0,1,336.48,1,NA
30,1,0.5,0.4,0.001,50,1,0,1,59.56,1,NA
60,1,0.5,0.4,0.001,50,1,0,1,41.3,1,NA
100,1,0.5,0.4,0.001,50,1,0,1,36.34,1,NA
10,1.5,0.5,0.4,0.001,50,0.22,0,0.22,554.909090909091,1,NA
30,1.5,0.5,0.4,0.001,50,0.98,0,0.98,128.020408163265,1,NA
60,1.5,0.5,0.4,0.001,50,1,0,1,70.2,1,NA
100,1.5,0.5,0.4,0.001,50,1,0,1,67.32,1,NA
10,0.5,0.6,0.4,0.001,50,1,0,1,61.68,1,NA
30,0.5,0.6,0.4,0.001,50,1,0,1,23.64,1,NA
60,0.5,0.6,0.4,0.001,50,1,0,1,17.16,1,NA
100,0.5,0.6,0.4,0.001,50,1,0,1,16.62,1,NA
10,1,0.6,0.4,0.001,50,1,0,1,79.66,1,NA
30,1,0.6,0.4,0.001,50,1,0,1,28.4,1,NA
60,1,0.6,0.4,0.001,50,1,0,1,20.82,1,NA
100,1,0.6,0.4,0.001,50,1,0,1,17.68,1,NA
10,1.5,0.6,0.4,0.001,50,0.98,0,0.98,236.775510204082,1,NA
30,1.5,0.6,0.4,0.001,50,1,0,1,38.9,1,NA
60,1.5,0.6,0.4,0.001,50,1,0,1,28.52,1,NA
100,1.5,0.6,0.4,0.001,50,1,0,1,26.44,1,NA
10,0.5,0.7,0.4,0.001,50,1,0,1,38.22,1,NA
30,0.5,0.7,0.4,0.001,50,1,0,1,16.58,1,NA
60,0.5,0.7,0.4,0.001,50,1,0,1,14.1,1,NA
100,0.5,0.7,0.4,0.001,50,1,0,1,12.38,1,NA
10,1,0.7,0.4,0.001,50,1,0,1,50.02,1,NA
30,1,0.7,0.4,0.001,50,1,0,1,18.88,1,NA
60,1,0.7,0.4,0.001,50,1,0,1,15.46,1,NA
100,1,0.7,0.4,0.001,50,1,0,1,13.72,1,NA
10,1.5,0.7,0.4,0.001,50,1,0,1,81.66,1,NA
30,1.5,0.7,0.4,0.001,50,1,0,1,24.04,1,NA
60,1.5,0.7,0.4,0.001,50,1,0,1,18.98,1,NA
100,1.5,0.7,0.4,0.001,50,1,0,1,15.18,1,NA
10,0.5,0.5,0.2,0.01,50,1,0,1,37.22,1,NA
30,0.5,0.5,0.2,0.01,50,1,0,1,14.86,1,NA
60,0.5,0.5,0.2,0.01,50,1,0,1,12.48,1,NA
100,0.5,0.5,0.2,0.01,50,1,0,1,11.28,1,NA
10,1,0.5,0.2,0.01,50,1,0,1,46.4,1,NA
30,1,0.5,0.2,0.01,50,1,0,1,15.94,1,NA
60,1,0.5,0.2,0.01,50,1,0,1,13.56,1,NA
100,1,0.5,0.2,0.01,50,1,0,1,12.1,1,NA
10,1.5,0.5,0.2,0.01,50,1,0,1,73.7,1,NA
30,1.5,0.5,0.2,0.01,50,1,0,1,23.44,1,NA
60,1.5,0.5,0.2,0.01,50,1,0,1,17.26,1,NA
100,1.5,0.5,0.2,0.01,50,1,0,1,15.3,1,NA
10,0.5,0.6,0.2,0.01,50,1,0,1,28.82,1,NA
30,0.5,0.6,0.2,0.01,50,1,0,1,12.96,1,NA
60,0.5,0.6,0.2,0.01,50,1,0,1,9.98,1,NA
100,0.5,0.6,0.2,0.01,50,1,0,1,8.46,1,NA
10,1,0.6,0.2,0.01,50,1,0,1,31.76,1,NA
30,1,0.6,0.2,0.01,50,1,0,1,14.2,1,NA
60,1,0.6,0.2,0.01,50,1,0,1,11.94,1,NA
100,1,0.6,0.2,0.01,50,1,0,1,9.72,1,NA
10,1.5,0.6,0.2,0.01,50,1,0,1,48.74,1,NA
30,1.5,0.6,0.2,0.01,50,1,0,1,18.76,1,NA
60,1.5,0.6,0.2,0.01,50,1,0,1,14.64,1,NA
100,1.5,0.6,0.2,0.01,50,1,0,1,12.5,1,NA
10,0.5,0.7,0.2,0.01,50,1,0,1,23.66,1,NA
30,0.5,0.7,0.2,0.01,50,1,0,1,10.8,1,NA
60,0.5,0.7,0.2,0.01,50,1,0,1,8.66,1,NA
100,0.5,0.7,0.2,0.01,50,1,0,1,7.8,1,NA
10,1,0.7,0.2,0.01,50,1,0,1,26.44,1,NA
30,1,0.7,0.2,0.01,50,1,0,1,12.96,1,NA
60,1,0.7,0.2,0.01,50,1,0,1,9.56,1,NA
100,1,0.7,0.2,0.01,50,1,0,1,8.64,1,NA
10,1.5,0.7,0.2,0.01,50,1,0,1,38.36,1,NA
30,1.5,0.7,0.2,0.01,50,1,0,1,15.3,1,NA
60,1.5,0.7,0.2,0.01,50,1,0,1,12.78,1,NA
100,1.5,0.7,0.2,0.01,50,1,0,1,10.96,1,NA
10,0.5,0.5,0.3,0.01,50,1,0,1,60.22,1,NA
30,0.5,0.5,0.3,0.01,50,1,0,1,20.28,1,NA
60,0.5,0.5,0.3,0.01,50,1,0,1,16.24,1,NA
100,0.5,0.5,0.3,0.01,50,1,0,1,14.44,1,NA
10,1,0.5,0.3,0.01,50,1,0,1,77.18,1,NA
30,1,0.5,0.3,0.01,50,1,0,1,25.66,1,NA
60,1,0.5,0.3,0.01,50,1,0,1,19.08,1,NA
100,1,0.5,0.3,0.01,50,1,0,1,16.5,1,NA
10,1.5,0.5,0.3,0.01,50,0.96,0,0.96,207.708333333333,1,NA
30,1.5,0.5,0.3,0.01,50,1,0,1,36.76,1,NA
60,1.5,0.5,0.3,0.01,50,1,0,1,25.3,1,NA
100,1.5,0.5,0.3,0.01,50,1,0,1,21,1,NA
10,0.5,0.6,0.3,0.01,50,1,0,1,38.9,1,NA
30,0.5,0.6,0.3,0.01,50,1,0,1,16.18,1,NA
60,0.5,0.6,0.3,0.01,50,1,0,1,13.7,1,NA
100,0.5,0.6,0.3,0.01,50,1,0,1,11.2,1,NA
10,1,0.6,0.3,0.01,50,1,0,1,49.92,1,NA
30,1,0.6,0.3,0.01,50,1,0,1,17.46,1,NA
60,1,0.6,0.3,0.01,50,1,0,1,14.3,1,NA
100,1,0.6,0.3,0.01,50,1,0,1,12.96,1,NA
10,1.5,0.6,0.3,0.01,50,1,0,1,81.66,1,NA
30,1.5,0.6,0.3,0.01,50,1,0,1,25.16,1,NA
60,1.5,0.6,0.3,0.01,50,1,0,1,18.56,1,NA
100,1.5,0.6,0.3,0.01,50,1,0,1,14.54,1,NA
10,0.5,0.7,0.3,0.01,50,1,0,1,28.4,1,NA
30,0.5,0.7,0.3,0.01,50,1,0,1,14.04,1,NA
60,0.5,0.7,0.3,0.01,50,1,0,1,10.98,1,NA
100,0.5,0.7,0.3,0.01,50,1,0,1,9.14,1,NA
10,1,0.7,0.3,0.01,50,1,0,1,32.84,1,NA
30,1,0.7,0.3,0.01,50,1,0,1,15.04,1,NA
60,1,0.7,0.3,0.01,50,1,0,1,12.26,1,NA
100,1,0.7,0.3,0.01,50,1,0,1,10.06,1,NA
10,1.5,0.7,0.3,0.01,50,1,0,1,47.1,1,NA
30,1.5,0.7,0.3,0.01,50,1,0,1,18.12,1,NA
60,1.5,0.7,0.3,0.01,50,1,0,1,14.32,1,NA
100,1.5,0.7,0.3,0.01,50,1,0,1,13.5,1,NA
10,0.5,0.5,0.4,0.01,50,1,0,1,149.02,1,NA
30,0.5,0.5,0.4,0.01,50,1,0,1,44.34,1,NA
60,0.5,0.5,0.4,0.01,50,1,0,1,32.94,1,NA
100,0.5,0.5,0.4,0.01,50,1,0,1,28.04,1,NA
10,1,0.5,0.4,0.01,50,1,0,1,331.86,1,NA
30,1,0.5,0.4,0.01,50,1,0,1,59.56,1,NA
60,1,0.5,0.4,0.01,50,1,0,1,41.3,1,NA
100,1,0.5,0.4,0.01,50,1,0,1,35.92,1,NA
10,1.5,0.5,0.4,0.01,50,0.18,0,0.18,548,1,NA
30,1.5,0.5,0.4,0.01,50,0.94,0,0.94,122.617021276596,1,NA
60,1.5,0.5,0.4,0.01,50,1,0,1,73,1,NA
100,1.5,0.5,0.4,0.01,50,1,0,1,67.74,1,NA
10,0.5,0.6,0.4,0.01,50,1,0,1,61.68,1,NA
30,0.5,0.6,0.4,0.01,50,1,0,1,23.64,1,NA
60,0.5,0.6,0.4,0.01,50,1,0,1,17.16,1,NA
100,0.5,0.6,0.4,0.01,50,1,0,1,16.74,1,NA
10,1,0.6,0.4,0.01,50,1,0,1,78.44,1,NA
30,1,0.6,0.4,0.01,50,1,0,1,28.4,1,NA
60,1,0.6,0.4,0.01,50,1,0,1,20.82,1,NA
100,1,0.6,0.4,0.01,50,1,0,1,17.68,1,NA
10,1.5,0.6,0.4,0.01,50,0.96,0,0.96,243.479166666667,1,NA
30,1.5,0.6,0.4,0.01,50,1,0,1,39.32,1,NA
60,1.5,0.6,0.4,0.01,50,1,0,1,28.52,1,NA
100,1.5,0.6,0.4,0.01,50,1,0,1,26.44,1,NA
10,0.5,0.7,0.4,0.01,50,1,0,1,38.22,1,NA
30,0.5,0.7,0.4,0.01,50,1,0,1,16.7,1,NA
60,0.5,0.7,0.4,0.01,50,1,0,1,13.98,1,NA
100,0.5,0.7,0.4,0.01,50,1,0,1,12.62,1,NA
10,1,0.7,0.4,0.01,50,1,0,1,50.02,1,NA
30,1,0.7,0.4,0.01,50,1,0,1,18.88,1,NA
60,1,0.7,0.4,0.01,50,1,0,1,15.34,1,NA
100,1,0.7,0.4,0.01,50,1,0,1,13.72,1,NA
10,1.5,0.7,0.4,0.01,50,1,0,1,80.64,1,NA
30,1.5,0.7,0.4,0.01,50,1,0,1,24.04,1,NA
60,1.5,0.7,0.4,0.01,50,1,0,1,19.1,1,NA
100,1.5,0.7,0.4,0.01,50,1,0,1,15.34,1,NA
10,0.5,0.5,0.2,0.1,50,1,0,1,37.22,4,NA
30,0.5,0.5,0.2,0.1,50,1,0,1,15.02,4,NA
60,0.5,0.5,0.2,0.1,50,1,0,1,12.48,4,NA
100,0.5,0.5,0.2,0.1,50,1,0,1,11.28,4,NA
10,1,0.5,0.2,0.1,50,1,0,1,46.66,4,NA
30,1,0.5,0.2,0.1,50,1,0,1,16.26,4,NA
60,1,0.5,0.2,0.1,50,1,0,1,13.56,4,NA
100,1,0.5,0.2,0.1,50,1,0.02,0.98,12.1,4,0.693147180559945
10,1.5,0.5,0.2,0.1,50,1,0,1,89.72,4,NA
30,1.5,0.5,0.2,0.1,50,1,0,1,24.02,4,NA
60,1.5,0.5,0.2,0.1,50,1,0,0.98,17.58,4,NA
100,1.5,0.5,0.2,0.1,50,1,0,1,15.3,4,NA
10,0.5,0.6,0.2,0.1,50,1,0,1,28.82,4,NA
30,0.5,0.6,0.2,0.1,50,1,0,1,12.96,4,NA
60,0.5,0.6,0.2,0.1,50,1,0,0.98,9.98,4,NA
100,0.5,0.6,0.2,0.1,50,1,0,0.94,8.46,4,NA
10,1,0.6,0.2,0.1,50,1,0,1,31.44,4,NA
30,1,0.6,0.2,0.1,50,1,0,1,14.2,4,NA
60,1,0.6,0.2,0.1,50,1,0,1,11.94,4,NA
100,1,0.6,0.2,0.1,50,1,0,1,9.72,4,NA
10,1.5,0.6,0.2,0.1,50,1,0,1,54.46,4,NA
30,1.5,0.6,0.2,0.1,50,1,0,1,19.34,4,NA
60,1.5,0.6,0.2,0.1,50,1,0,1,14.8,4,NA
100,1.5,0.6,0.2,0.1,50,1,0,0.98,12.86,4,NA
10,0.5,0.7,0.2,0.1,50,1,0,1,23.66,4,NA
30,0.5,0.7,0.2,0.1,50,1,0,1,10.8,4,NA
60,0.5,0.7,0.2,0.1,50,1,0,0.98,8.66,4,NA
100,0.5,0.7,0.2,0.1,50,1,0,0.94,7.8,4,NA
10,1,0.7,0.2,0.1,50,1,0,1,26.7,4,NA
30,1,0.7,0.2,0.1,50,1,0,1,12.96,4,NA
60,1,0.7,0.2,0.1,50,1,0,0.98,9.56,4,NA
100,1,0.7,0.2,0.1,50,1,0,1,8.64,4,NA
10,1.5,0.7,0.2,0.1,50,1,0,1,39.66,4,NA
30,1.5,0.7,0.2,0.1,50,1,0,1,15.46,4,NA
60,1.5,0.7,0.2,0.1,50,1,0,1,12.9,4,NA
100,1.5,0.7,0.2,0.1,50,1,0,0.96,10.96,4,NA
10,0.5,0.5,0.3,0.1,50,1,0,1,59.8,4,NA
30,0.5,0.5,0.3,0.1,50,1,0,1,20.54,4,NA
60,0.5,0.5,0.3,0.1,50,1,0,1,16.4,4,NA
100,0.5,0.5,0.3,0.1,50,1,0,1,14.44,4,NA
10,1,0.5,0.3,0.1,50,1,0,1,81.7,4,NA
30,1,0.5,0.3,0.1,50,1,0,1,25.4,4,NA
60,1,0.5,0.3,0.1,50,1,0,0.98,19.34,4,NA
100,1,0.5,0.3,0.1,50,1,0,0.98,16.66,4,NA
10,1.5,0.5,0.3,0.1,50,0.86,0,0.86,235.186046511628,4,NA
30,1.5,0.5,0.3,0.1,50,1,0,1,42.66,4,NA
60,1.5,0.5,0.3,0.1,50,1,0,1,27.6,4,NA
100,1.5,0.5,0.3,0.1,50,1,0,1,22.48,4,NA
10,0.5,0.6,0.3,0.1,50,1,0,1,38.9,4,NA
30,0.5,0.6,0.3,0.1,50,1,0,0.98,16.34,4,NA
60,0.5,0.6,0.3,0.1,50,1,0,0.98,13.7,4,NA
100,0.5,0.6,0.3,0.1,50,1,0,0.96,11.2,4,NA
10,1,0.6,0.3,0.1,50,1,0,1,52.66,4,NA
30,1,0.6,0.3,0.1,50,1,0,1,18.2,4,NA
60,1,0.6,0.3,0.1,50,1,0,1,14.46,4,NA
100,1,0.6,0.3,0.1,50,1,0,1,12.96,4,NA
10,1.5,0.6,0.3,0.1,50,1,0,1,97.22,4,NA
30,1.5,0.6,0.3,0.1,50,1,0,1,25.1,4,NA
60,1.5,0.6,0.3,0.1,50,1,0,1,19.3,4,NA
100,1.5,0.6,0.3,0.1,50,1,0,1,15.18,4,NA
10,0.5,0.7,0.3,0.1,50,1,0,1,28.4,4,NA
30,0.5,0.7,0.3,0.1,50,1,0,1,14.04,4,NA
60,0.5,0.7,0.3,0.1,50,1,0,1,10.98,4,NA
100,0.5,0.7,0.3,0.1,50,1,0,0.98,9.14,4,NA
10,1,0.7,0.3,0.1,50,1,0,1,34.46,4,NA
30,1,0.7,0.3,0.1,50,1,0,1,15.04,4,NA
60,1,0.7,0.3,0.1,50,1,0,0.98,12.26,4,NA
100,1,0.7,0.3,0.1,50,1,0,0.96,10.06,4,NA
10,1.5,0.7,0.3,0.1,50,1,0,1,50.02,4,NA
30,1.5,0.7,0.3,0.1,50,1,0,1,18.28,4,NA
60,1.5,0.7,0.3,0.1,50,1,0,0.96,14.2,4,NA
100,1.5,0.7,0.3,0.1,50,1,0,1,13.5,4,NA
10,0.5,0.5,0.4,0.1,50,1,0,1,146.92,4,NA
30,0.5,0.5,0.4,0.1,50,1,0,1,44.76,4,NA
60,0.5,0.5,0.4,0.1,50,1,0,1,33.62,4,NA
100,0.5,0.5,0.4,0.1,50,1,0,1,29.86,4,NA
10,1,0.5,0.4,0.1,50,1,0,1,320.52,4,NA
30,1,0.5,0.4,0.1,50,1,0,1,64.72,4,NA
60,1,0.5,0.4,0.1,50,1,0,1,47.62,4,NA
100,1,0.5,0.4,0.1,50,1,0,1,39.06,4,NA
10,1.5,0.5,0.4,0.1,50,0.2,0,0.2,460.9,4,NA
30,1.5,0.5,0.4,0.1,50,0.92,0,0.92,177.891304347826,4,NA
60,1.5,0.5,0.4,0.1,50,0.98,0,0.98,97.265306122449,4,NA
100,1.5,0.5,0.4,0.1,50,1,0,1,94.1,4,NA
10,0.5,0.6,0.4,0.1,50,1,0,1,62.1,4,NA
30,0.5,0.6,0.4,0.1,50,1,0,1,23.9,4,NA
60,0.5,0.6,0.4,0.1,50,1,0,1,17.32,4,NA
100,0.5,0.6,0.4,0.1,50,1,0,1,16.9,4,NA
10,1,0.6,0.4,0.1,50,1,0,1,77.8,4,NA
30,1,0.6,0.4,0.1,50,1,0,1,29.5,4,NA
60,1,0.6,0.4,0.1,50,1,0,1,21.5,4,NA
100,1,0.6,0.4,0.1,50,1,0,1,17.84,4,NA
10,1.5,0.6,0.4,0.1,50,0.86,0,0.86,266.46511627907,4,NA
30,1.5,0.6,0.4,0.1,50,1,0,1,45.62,4,NA
60,1.5,0.6,0.4,0.1,50,1,0,1,31.14,4,NA
100,1.5,0.6,0.4,0.1,50,1,0,1,29.2,4,NA
10,0.5,0.7,0.4,0.1,50,1,0,1,38.64,4,NA
30,0.5,0.7,0.4,0.1,50,1,0,0.98,16.7,4,NA
60,0.5,0.7,0.4,0.1,50,1,0,1,13.98,4,NA
100,0.5,0.7,0.4,0.1,50,1,0,0.98,12.62,4,NA
10,1,0.7,0.4,0.1,50,1,0,1,49.38,4,NA
30,1,0.7,0.4,0.1,50,1,0,1,19.04,4,NA
60,1,0.7,0.4,0.1,50,1,0,1,15.82,4,NA
100,1,0.7,0.4,0.1,50,1,0,0.98,13.72,4,NA
10,1.5,0.7,0.4,0.1,50,1,0,1,87.52,4,NA
30,1.5,0.7,0.4,0.1,50,1,0,1,26.34,4,NA
60,1.5,0.7,0.4,0.1,50,1,0,1,19.1,4,NA
100,1.5,0.7,0.4,0.1,50,1,0,0.98,16.14,4,NA
10,0.5,0.5,0.2,0.5,50,1,0,0.92,39.16,23,NA
30,0.5,0.5,0.2,0.5,50,1,0.94,0,15.18,23,0.457808192606517
60,0.5,0.5,0.2,0.5,50,1,1,0,12.36,23,0.658209381132982
100,0.5,0.5,0.2,0.5,50,1,1,0,11.28,23,0.750157993410861
10,1,0.5,0.2,0.5,50,1,0,1,55.68,23,NA
30,1,0.5,0.2,0.5,50,1,0.64,0,17.22,23,0.519931303168756
60,1,0.5,0.2,0.5,50,1,0.98,0,13.72,23,0.552544167585958
100,1,0.5,0.2,0.5,50,1,1,0,12.7,23,0.641422787318222
10,1.5,0.5,0.2,0.5,50,0.98,0,0.98,174.836734693878,23,NA
30,1.5,0.5,0.2,0.5,50,1,0.06,0.76,40.36,23,0.42744401482694
60,1.5,0.5,0.2,0.5,50,1,0.24,0.28,24.68,23,0.622727938786465
100,1.5,0.5,0.2,0.5,50,1,0.34,0.1,21.4,23,0.481343469643066
10,0.5,0.6,0.2,0.5,50,1,0.02,0.54,29.86,23,0.42744401482694
30,0.5,0.6,0.2,0.5,50,1,1,0,13.08,23,0.596910306281063
60,0.5,0.6,0.2,0.5,50,1,1,0,10.1,23,0.870329393711079
100,0.5,0.6,0.2,0.5,50,1,1,0,8.46,23,1.03136684391258
10,1,0.6,0.2,0.5,50,1,0.04,0.8,36.62,23,0.93826963859293
30,1,0.6,0.2,0.5,50,1,0.92,0,14.8,23,0.505178348878286
60,1,0.6,0.2,0.5,50,1,1,0,12.54,23,0.639883566495499
100,1,0.6,0.2,0.5,50,1,1,0,10.2,23,0.848108697537746
10,1.5,0.6,0.2,0.5,50,1,0.02,0.94,95.4,23,0.93826963859293
30,1.5,0.6,0.2,0.5,50,1,0.22,0.42,27.3,23,0.520321400966211
60,1.5,0.6,0.2,0.5,50,1,0.46,0.06,19.5,23,0.53849306347172
100,1.5,0.6,0.2,0.5,50,1,0.76,0.02,16.18,23,0.553553875108161
10,0.5,0.7,0.2,0.5,50,1,0.14,0.2,24.24,23,0.573394193045794
30,0.5,0.7,0.2,0.5,50,1,1,0,10.8,23,0.79102404331214
60,0.5,0.7,0.2,0.5,50,1,1,0,8.78,23,0.988713122788604
100,0.5,0.7,0.2,0.5,50,1,1,0,7.8,23,1.10856498399836
10,1,0.7,0.2,0.5,50,1,0.06,0.5,29.2,23,0.767994430670933
30,1,0.7,0.2,0.5,50,1,1,0,13.08,23,0.590908214432057
60,1,0.7,0.2,0.5,50,1,1,0,9.92,23,0.882653116499555
100,1,0.7,0.2,0.5,50,1,1,0,8.76,23,0.97670893909059
10,1.5,0.7,0.2,0.5,50,1,0.02,0.94,56.54,23,1.34373474670109
30,1.5,0.7,0.2,0.5,50,1,0.44,0.08,19.86,23,0.561970979687763
60,1.5,0.7,0.2,0.5,50,1,0.92,0,14.26,23,0.558412427208115
100,1.5,0.7,0.2,0.5,50,1,1,0,12.04,23,0.700863102256955
10,0.5,0.5,0.3,0.5,50,1,0,0.98,61.06,23,NA
30,0.5,0.5,0.3,0.5,50,1,0.24,0.16,22.8,23,0.555150420768437
60,0.5,0.5,0.3,0.5,50,1,0.66,0,17.36,23,0.473882707896575
100,0.5,0.5,0.3,0.5,50,1,0.86,0,15.28,23,0.510601674509775
10,1,0.5,0.3,0.5,50,1,0,1,93.38,23,NA
30,1,0.5,0.3,0.5,50,1,0.12,0.52,29.94,23,0.512581618787938
60,1,0.5,0.3,0.5,50,1,0.28,0.16,22.5,23,0.558342690808962
100,1,0.5,0.3,0.5,50,1,0.44,0.06,19.8,23,0.533962518804862
10,1.5,0.5,0.3,0.5,50,0.64,0.02,0.62,493.84375,23,0.93826963859293
30,1.5,0.5,0.3,0.5,50,1,0.04,0.94,84.66,23,0.42744401482694
60,1.5,0.5,0.3,0.5,50,1,0.08,0.78,48.34,23,0.42744401482694
100,1.5,0.5,0.3,0.5,50,1,0.1,0.7,38,23,0.42744401482694
10,0.5,0.6,0.3,0.5,50,1,0.02,0.9,41.26,23,0.42744401482694
30,0.5,0.6,0.3,0.5,50,1,0.66,0,17.14,23,0.513935915168767
60,0.5,0.6,0.3,0.5,50,1,0.98,0,13.74,23,0.558668751105352
100,0.5,0.6,0.3,0.5,50,1,1,0,11.56,23,0.741729152158235
10,1,0.6,0.3,0.5,50,1,0.02,0.96,55.3,23,0.93826963859293
30,1,0.6,0.3,0.5,50,1,0.36,0.06,20.48,23,0.535107458127281
60,1,0.6,0.3,0.5,50,1,0.84,0,15.26,23,0.541543412224236
100,1,0.6,0.3,0.5,50,1,1,0,13.44,23,0.566260768855104
10,1.5,0.6,0.3,0.5,50,1,0.02,0.98,216.86,23,0.93826963859293
30,1.5,0.6,0.3,0.5,50,1,0.04,0.86,44.54,23,0.42744401482694
60,1.5,0.6,0.3,0.5,50,1,0.08,0.5,29.58,23,0.555150420768437
100,1.5,0.6,0.3,0.5,50,1,0.36,0.2,22.24,23,0.540960820108271
10,0.5,0.7,0.3,0.5,50,1,0.04,0.5,29.18,23,0.42744401482694
30,0.5,0.7,0.3,0.5,50,1,1,0,14.04,23,0.509176114629498
60,0.5,0.7,0.3,0.5,50,1,1,0,11.1,23,0.774485899897351
100,0.5,0.7,0.3,0.5,50,1,1,0,9.26,23,0.947847072887324
10,1,0.7,0.3,0.5,50,1,0.02,0.8,37.44,23,0.42744401482694
30,1,0.7,0.3,0.5,50,1,0.9,0,15.68,23,0.438795695355073
60,1,0.7,0.3,0.5,50,1,1,0,12.86,23,0.617343331231703
100,1,0.7,0.3,0.5,50,1,1,0,10.54,23,0.831570554122956
10,1.5,0.7,0.3,0.5,50,1,0.02,0.96,83.78,23,0.42744401482694
30,1.5,0.7,0.3,0.5,50,1,0.22,0.32,26.84,23,0.520321400966211
60,1.5,0.7,0.3,0.5,50,1,0.62,0.06,17.9,23,0.57863156886012
100,1.5,0.7,0.3,0.5,50,1,0.84,0.02,15.34,23,0.563359858221239
10,0.5,0.5,0.4,0.5,50,1,0,1,150.04,23,NA
30,0.5,0.5,0.4,0.5,50,1,0.02,0.98,52.56,23,0.42744401482694
60,0.5,0.5,0.4,0.5,50,1,0,0.92,38.74,23,NA
100,0.5,0.5,0.4,0.5,50,1,0,0.66,32.84,23,NA
10,1,0.5,0.4,0.5,50,1,0,1,419.28,23,NA
30,1,0.5,0.4,0.5,50,1,0.02,0.96,85.16,23,0.93826963859293
60,1,0.5,0.4,0.5,50,1,0.02,0.96,60.96,23,0.42744401482694
100,1,0.5,0.4,0.5,50,1,0.02,0.94,54.7,23,0.42744401482694
10,1.5,0.5,0.4,0.5,50,0.14,0,0.14,720.428571428571,23,NA
30,1.5,0.5,0.4,0.5,50,0.54,0,0.54,268.148148148148,23,NA
60,1.5,0.5,0.4,0.5,50,0.92,0.02,0.9,272.173913043478,23,1.34373474670109
100,1.5,0.5,0.4,0.5,50,1,0,0.98,226.94,23,NA
10,0.5,0.6,0.4,0.5,50,1,0,0.96,63.66,23,NA
30,0.5,0.6,0.4,0.5,50,1,0.16,0.26,25.1,23,0.42744401482694
60,0.5,0.6,0.4,0.5,50,1,0.5,0.02,19.02,23,0.468310064728219
100,0.5,0.6,0.4,0.5,50,1,0.66,0,17.54,23,0.455210400641308
10,1,0.6,0.4,0.5,50,1,0,1,90.5,23,NA
30,1,0.6,0.4,0.5,50,1,0.1,0.56,33.68,23,0.42744401482694
60,1,0.6,0.4,0.5,50,1,0.26,0.22,23.9,23,0.537222196030028
100,1,0.6,0.4,0.5,50,1,0.32,0.1,21.44,23,0.516638787054449
10,1.5,0.6,0.4,0.5,50,0.64,0,0.62,552.71875,23,NA
30,1.5,0.6,0.4,0.5,50,1,0.06,0.92,90.26,23,0.42744401482694
60,1.5,0.6,0.4,0.5,50,1,0.1,0.84,52.36,23,0.610702161201771
100,1.5,0.6,0.4,0.5,50,1,0.1,0.78,43.94,23,0.529609139580138
10,0.5,0.7,0.4,0.5,50,1,0,0.98,43.08,23,NA
30,0.5,0.7,0.4,0.5,50,1,0.7,0,17.18,23,0.465208467397863
60,0.5,0.7,0.4,0.5,50,1,0.98,0,14.14,23,0.519118914790942
100,0.5,0.7,0.4,0.5,50,1,1,0,12.62,23,0.643778448031349
10,1,0.7,0.4,0.5,50,1,0.02,0.98,53.4,23,1.34373474670109
30,1,0.7,0.4,0.5,50,1,0.4,0.08,20.72,23,0.452985296015239
60,1,0.7,0.4,0.5,50,1,0.72,0,16.46,23,0.523844538457609
100,1,0.7,0.4,0.5,50,1,0.9,0,14.32,23,0.579343507843615
10,1.5,0.7,0.4,0.5,50,1,0.02,0.98,195.12,23,0.42744401482694
30,1.5,0.7,0.4,0.5,50,1,0.06,0.78,41.32,23,0.597719222748937
60,1.5,0.7,0.4,0.5,50,1,0.16,0.42,28.74,23,0.491297217797688
100,1.5,0.7,0.4,0.5,50,1,0.32,0.24,23.22,23,0.541980356311209
10,0.5,0.5,0.2,1,50,1,1,0,43.2,88,0.746077074209907
30,0.5,0.5,0.2,1,50,1,1,0,16.62,88,1.69524237693033
60,0.5,0.5,0.2,1,50,1,1,0,13.32,78.08,1.77934850495351
100,0.5,0.5,0.2,1,50,1,1,0,12.24,60.72,1.62809721111094
10,1,0.5,0.2,1,50,1,0.74,0,63.38,88,0.483964717387271
30,1,0.5,0.2,1,50,1,1,0,21.54,57,1.02766737735613
60,1,0.5,0.2,1,50,1,1,0,16.28,57,1.29704884238336
100,1,0.5,0.2,1,50,1,1,0,13.34,57,1.4995649090258
10,1.5,0.5,0.2,1,50,0.98,0,0.9,400,57,NA
30,1.5,0.5,0.2,1,50,1,0.28,0.32,64.04,57,0.680604589541917
60,1.5,0.5,0.2,1,50,1,0.74,0.02,36.5,57,0.785923322267827
100,1.5,0.5,0.2,1,50,1,0.9,0.02,30.62,57,0.80342251185496
10,0.5,0.6,0.2,1,50,1,1,0,31.42,88,1.0546951619778
30,0.5,0.6,0.2,1,50,1,1,0,13.76,88,1.89100560681108
60,0.5,0.6,0.2,1,50,1,1,0,10.82,88,2.15087291740822
100,0.5,0.6,0.2,1,50,1,1,0,9.06,88,2.32212688008503
10,1,0.6,0.2,1,50,1,1,0,42.22,88,0.792798506341193
30,1,0.6,0.2,1,50,1,1,0,16.08,57,1.30393009050111
60,1,0.6,0.2,1,50,1,1,0,13.92,57,1.42694967901022
100,1,0.6,0.2,1,50,1,1,0,11.52,57,1.64328411221463
10,1.5,0.6,0.2,1,50,1,0.06,0.8,161.8,57,0.758215477729747
30,1.5,0.6,0.2,1,50,1,0.7,0.04,38.14,57,0.764427451892324
60,1.5,0.6,0.2,1,50,1,0.98,0,26.18,57,0.884693385099763
100,1.5,0.6,0.2,1,50,1,1,0,20.64,57,1.10787984800419
10,0.5,0.7,0.2,1,50,1,1,0,26.38,88,1.25269161932322
30,0.5,0.7,0.2,1,50,1,1,0,11.16,88,2.10221710443524
60,0.5,0.7,0.2,1,50,1,1,0,8.96,88,2.31823199854918
100,0.5,0.7,0.2,1,50,1,1,0,7.92,88,2.43418897822309
10,1,0.7,0.2,1,50,1,1,0,32.54,88,1.04714463301173
30,1,0.7,0.2,1,50,1,1,0,13.88,57,1.4405014558431
60,1,0.7,0.2,1,50,1,1,0,11.66,57,1.63906969158832
100,1,0.7,0.2,1,50,1,1,0,10.08,57,1.77188435376747
10,1.5,0.7,0.2,1,50,1,0.18,0.52,84.86,57,0.708397239573442
30,1.5,0.7,0.2,1,50,1,0.98,0,25.54,57,0.913376586524277
60,1.5,0.7,0.2,1,50,1,1,0,17.78,57,1.22405972921111
100,1.5,0.7,0.2,1,50,1,1,0,14.28,57,1.45829701198749
10,0.5,0.5,0.3,1,50,1,0.64,0,66.64,88,0.491367475101853
30,0.5,0.5,0.3,1,50,1,1,0,25.16,88,1.30688737574324
60,0.5,0.5,0.3,1,50,1,1,0,20.22,78.08,1.3776168836282
100,0.5,0.5,0.3,1,50,1,1,0,16.88,60.72,1.29808054560399
10,1,0.5,0.3,1,50,1,0.12,0.48,115,88,0.434285546643656
30,1,0.5,0.3,1,50,1,0.78,0,36.36,57,0.678910501165369
60,1,0.5,0.3,1,50,1,1,0,27.2,57,0.815057231486814
100,1,0.5,0.3,1,50,1,1,0,22.84,57,0.992641839444376
10,1.5,0.5,0.3,1,50,0.44,0.02,0.42,963.863636363636,57,1.84582669049833
30,1.5,0.5,0.3,1,50,1,0.12,0.78,153.58,57,0.826026028917567
60,1.5,0.5,0.3,1,50,1,0.22,0.46,75.62,57,0.861214611393853
100,1.5,0.5,0.3,1,50,1,0.44,0.22,56,57,0.681673717214646
10,0.5,0.6,0.3,1,50,1,1,0,43.62,88,0.745205155781847
30,0.5,0.6,0.3,1,50,1,1,0,18.3,88,1.62286577266345
60,0.5,0.6,0.3,1,50,1,1,0,14.14,88,1.86035606938512
100,0.5,0.6,0.3,1,50,1,1,0,11.96,88,2.05458984546011
10,1,0.6,0.3,1,50,1,0.76,0,62.38,88,0.518835969585292
30,1,0.6,0.3,1,50,1,0.98,0,24.26,57,0.942906743791236
60,1,0.6,0.3,1,50,1,1,0,16.92,57,1.27485750489521
100,1,0.6,0.3,1,50,1,1,0,15.92,57,1.31848106264666
10,1.5,0.6,0.3,1,50,1,0.02,0.94,417.72,57,1.84582669049833
30,1.5,0.6,0.3,1,50,1,0.2,0.32,65.86,57,0.636684147619222
60,1.5,0.6,0.3,1,50,1,0.54,0.04,44.08,57,0.656367682979309
100,1.5,0.6,0.3,1,50,1,0.86,0,30.82,57,0.830818448622844
10,0.5,0.7,0.3,1,50,1,1,0,31.84,88,1.05382324354974
30,0.5,0.7,0.3,1,50,1,1,0,14.16,88,1.84080220070324
60,0.5,0.7,0.3,1,50,1,1,0,11.34,88,2.09589547349577
100,0.5,0.7,0.3,1,50,1,1,0,9.74,88,2.2488236215351
10,1,0.7,0.3,1,50,1,1,0,40.64,88,0.826770214384818
30,1,0.7,0.3,1,50,1,1,0,17.16,57,1.2272008872349
60,1,0.7,0.3,1,50,1,1,0,13.16,57,1.50236014787331
100,1,0.7,0.3,1,50,1,1,0,12.16,57,1.59820364168704
10,1.5,0.7,0.3,1,50,1,0.18,0.68,130.98,57,0.606587158254091
30,1.5,0.7,0.3,1,50,1,0.68,0.08,39.32,57,0.802201751201349
60,1.5,0.7,0.3,1,50,1,0.94,0,24.6,57,1.0348519141194
100,1.5,0.7,0.3,1,50,1,1,0,19.4,57,1.16210356840458
10,0.5,0.5,0.4,1,50,1,0,0.84,151.12,88,NA
30,0.5,0.5,0.4,1,50,1,0.86,0,57.98,88,0.519779933504761
60,0.5,0.5,0.4,1,50,1,0.84,0,42.94,77.46,0.723072003335242
100,0.5,0.5,0.4,1,50,1,0.84,0,37.8,61.34,0.595916785608615
10,1,0.5,0.4,1,50,1,0,0.98,778.02,88,NA
30,1,0.5,0.4,1,50,1,0.1,0.72,115.04,57,0.916001090613202
60,1,0.5,0.4,1,50,1,0.16,0.48,78.84,57,0.568965921547678
100,1,0.5,0.4,1,50,1,0.2,0.28,64.62,57,0.636684147619222
10,1.5,0.5,0.4,1,50,0.14,0,0.14,923.428571428571,57,NA
30,1.5,0.5,0.4,1,50,0.48,0,0.42,1057.58333333333,57,NA
60,1.5,0.5,0.4,1,50,0.88,0.02,0.82,644.931818181818,57,2.2512917986065
100,1.5,0.5,0.4,1,50,1,0.02,0.94,427.8,57,0.45953232937844
10,0.5,0.6,0.4,1,50,1,0.62,0,65.58,88,0.552503321746109
30,0.5,0.6,0.4,1,50,1,1,0,27.82,88,1.18786773627389
60,0.5,0.6,0.4,1,50,1,1,0,20.86,88,1.48845075717778
100,0.5,0.6,0.4,1,50,1,1,0,18,88,1.62641175642365
10,1,0.6,0.4,1,50,1,0.16,0.48,112.2,88,0.434285546643656
30,1,0.6,0.4,1,50,1,0.66,0.08,41.98,57,0.649603423783817
60,1,0.6,0.4,1,50,1,0.94,0,28.4,57,0.829561280548877
100,1,0.6,0.4,1,50,1,1,0,24.26,57,0.921787900565659
10,1.5,0.6,0.4,1,50,0.58,0.04,0.54,914.310344827586,57,0.89726669805539
30,1.5,0.6,0.4,1,50,1,0.1,0.8,170.32,57,0.988929713330784
60,1.5,0.6,0.4,1,50,1,0.2,0.64,89.1,57,0.903406968277418
100,1.5,0.6,0.4,1,50,1,0.28,0.38,65.42,57,0.842159096575759
10,0.5,0.7,0.4,1,50,1,0.98,0,45.86,88,0.696875449145622
30,0.5,0.7,0.4,1,50,1,1,0,19.04,88,1.57303922831163
60,0.5,0.7,0.4,1,50,1,1,0,15.18,88,1.78740170861085
100,0.5,0.7,0.4,1,50,1,1,0,13.1,88,1.94475499667913
10,1,0.7,0.4,1,50,1,0.7,0.02,63.36,88,0.590514635336673
30,1,0.7,0.4,1,50,1,1,0,23.72,57,0.922206303137255
60,1,0.7,0.4,1,50,1,1,0,18.16,57,1.19882470247549
100,1,0.7,0.4,1,50,1,1,0,15.9,57,1.33203283947954
10,1.5,0.7,0.4,1,50,0.96,0.04,0.82,379.333333333333,57,0.45953232937844
30,1.5,0.7,0.4,1,50,1,0.36,0.38,63.48,57,0.782021188450075
60,1.5,0.7,0.4,1,50,1,0.68,0.06,39.3,57,0.749461819782325
100,1.5,0.7,0.4,1,50,1,0.86,0.02,30.96,57,0.87197613612306
