n_obs,frac_sig,within_mean,add_k,seed
1,0,0.33999438832842077,0.001,1
2,0,0.44912217956647826,0.001,1
3,0,0.501727102617019,0.001,1
4,0,0.5316878276588404,0.001,1
5,0.028169014084507043,0.5482995161754243,0.001,1
6,0.04225352112676056,0.5584163617225538,0.001,1
7,0.1267605633802817,0.5645964943252176,0.001,1
9,0.29577464788732394,0.5741110124235302,0.001,1
11,0.4647887323943662,0.574659933360757,0.001,1
14,0.6056338028169014,0.5723133146805276,0.001,1
17,0.8450704225352113,0.5621807225659008,0.001,1
21,0.9859154929577465,0.5507675362605284,0.001,1
26,0.9859154929577465,0.5369458796123154,0.001,1
33,1,0.5201017816422144,0.001,1
41,1,0.499923563218692,0.001,1
51,1,0.4741196446507262,0.001,1
63,1,0.45595265889896874,0.001,1
79,1,0.4321179597026165,0.001,1
98,1,0.41392029854522855,0.001,1
122,1,0.39665354997340396,0.001,1
152,1,0.3809433223020431,0.001,1
189,1,0.3663706176878754,0.001,1
235,1,0.3512379086237801,0.001,1
292,1,0.33926851147112547,0.001,1
364,1,0.33199774775248014,0.001,1
453,1,0.32446611786262586,0.001,1
563,1,0.31740441929045926,0.001,1
700,1,0.3114252872204471,0.001,1
871,1,0.3064619742313544,0.001,1
1084,1,0.3030179510664829,0.001,1
1349,1,0.29776455277610525,0.001,1
1678,1,0.2913533942146178,0.001,1
2087,1,0.28495756160462193,0.001,1
2597,1,0.27830310013865545,0.001,1
3231,1,0.2710466466250284,0.001,1
4019,1,0.2634264544234121,0.001,1
5000,1,0.2552053109338368,0.001,1
1,0,0.3379268223974177,0.001,2
2,0,0.44839056696180063,0.001,2
3,0,0.5001228912287832,0.001,2
4,0.07042253521126761,0.526916364528689,0.001,2
5,0.056338028169014086,0.5436922613489861,0.001,2
6,0.056338028169014086,0.5558397328022713,0.001,2
7,0.11267605633802817,0.562668997736617,0.001,2
9,0.36619718309859156,0.5657112522872089,0.001,2
11,0.647887323943662,0.5663616115813328,0.001,2
14,0.8028169014084507,0.5627157527171671,0.001,2
17,0.8873239436619719,0.5539812137558178,0.001,2
21,0.9436619718309859,0.5450021493307,0.001,2
26,1,0.528880009807355,0.001,2
33,1,0.5104913982176182,0.001,2
41,1,0.4951961906226422,0.001,2
51,1,0.4700997268389983,0.001,2
63,1,0.4494243331444002,0.001,2
79,1,0.4279805809295097,0.001,2
98,1,0.4082345015433422,0.001,2
122,1,0.3862080317654978,0.001,2
152,1,0.3697084308022948,0.001,2
189,1,0.3568397168373837,0.001,2
235,1,0.3460254060594432,0.001,2
292,1,0.3362710371579525,0.001,2
364,1,0.3285138645346387,0.001,2
453,1,0.3219438274726938,0.001,2
563,1,0.31485331540166595,0.001,2
700,1,0.3096710089790975,0.001,2
871,1,0.3041232349826933,0.001,2
1084,1,0.29874392240652936,0.001,2
1349,1,0.29255717814395243,0.001,2
1678,1,0.28647279020508354,0.001,2
2087,1,0.2798997520078485,0.001,2
2597,1,0.2734062695837675,0.001,2
3231,1,0.2656924601213425,0.001,2
4019,1,0.2580510889863763,0.001,2
5000,1,0.2502441783590763,0.001,2
1,0,0.34050727290045246,0.001,3
2,0,0.4513339584664401,0.001,3
3,0,0.5027430213512463,0.001,3
4,0,0.5317344688087045,0.001,3
5,0.056338028169014086,0.5448198459785416,0.001,3
6,0.18309859154929578,0.5549573620508722,0.001,3
7,0.22535211267605634,0.5622336399766876,0.001,3
9,0.39436619718309857,0.5657911850577533,0.001,3
11,0.5774647887323944,0.5672971394162113,0.001,3
14,0.7464788732394366,0.5682743228967533,0.001,3
17,0.8591549295774648,0.5610115526677157,0.001,3
21,0.971830985915493,0.5493839575745547,0.001,3
26,1,0.5368931665109624,0.001,3
33,1,0.5205880866962678,0.001,3
41,1,0.49608354027307444,0.001,3
51,1,0.47639188892828777,0.001,3
63,1,0.45653276575848706,0.001,3
79,1,0.4352972245103196,0.001,3
98,1,0.41504838269342753,0.001,3
122,1,0.39377401316980326,0.001,3
152,1,0.3749903482803884,0.001,3
189,1,0.36052915453804313,0.001,3
235,1,0.3493775557615372,0.001,3
292,1,0.3411423599615234,0.001,3
364,1,0.33254511869417047,0.001,3
453,1,0.3250062332727066,0.001,3
563,1,0.3178602232782396,0.001,3
700,1,0.3109784693740955,0.001,3
871,1,0.30690609426117405,0.001,3
1084,1,0.3015164258861835,0.001,3
1349,1,0.29588109307734056,0.001,3
1678,1,0.2894586599506218,0.001,3
2087,1,0.28256645214258946,0.001,3
2597,1,0.2754780322088316,0.001,3
3231,1,0.26829024979397453,0.001,3
4019,1,0.26088913598370334,0.001,3
5000,1,0.2522523945307783,0.001,3
1,0,0.33935328261338105,0.001,4
2,0,0.4476841208122112,0.001,4
3,0.028169014084507043,0.49438069712807686,0.001,4
4,0.04225352112676056,0.5238941644149147,0.001,4
5,0.18309859154929578,0.5382889392825458,0.001,4
6,0.2535211267605634,0.5484303860530155,0.001,4
7,0.4225352112676056,0.554315238327306,0.001,4
9,0.5352112676056338,0.5628391614417476,0.001,4
11,0.7464788732394366,0.5643399916572499,0.001,4
14,0.8028169014084507,0.5611942277627784,0.001,4
17,0.9014084507042254,0.5525987410750466,0.001,4
21,0.971830985915493,0.54213238249778,0.001,4
26,1,0.5304789995671786,0.001,4
33,1,0.5174638400424865,0.001,4
41,1,0.4977957215979948,0.001,4
51,1,0.4755681051571389,0.001,4
63,1,0.4531138380701075,0.001,4
79,1,0.43166408291575287,0.001,4
98,1,0.40991757534701984,0.001,4
122,1,0.388496592470427,0.001,4
152,1,0.37012002647949616,0.001,4
189,1,0.3568483316703406,0.001,4
235,1,0.34513001816341016,0.001,4
292,1,0.3344799840026288,0.001,4
364,1,0.32415628081404047,0.001,4
453,1,0.3178934116734312,0.001,4
563,1,0.3130894683941239,0.001,4
700,1,0.3078946202186833,0.001,4
871,1,0.30260529247011547,0.001,4
1084,1,0.29730570646548193,0.001,4
1349,1,0.29207249410530534,0.001,4
1678,1,0.2862766821562732,0.001,4
2087,1,0.2803283179492373,0.001,4
2597,1,0.2735294202742119,0.001,4
3231,1,0.26670655159700685,0.001,4
4019,1,0.25926334490983516,0.001,4
5000,1,0.25117625029208945,0.001,4
1,0,0.33943342082776096,0.001,5
2,0,0.4489315783532637,0.001,5
3,0,0.5003089563420458,0.001,5
4,0.04225352112676056,0.5275368754542455,0.001,5
5,0.07042253521126761,0.5441310294226781,0.001,5
6,0.07042253521126761,0.5561095724306574,0.001,5
7,0.14084507042253522,0.561327371027269,0.001,5
9,0.30985915492957744,0.567092610992235,0.001,5
11,0.647887323943662,0.5685127054449187,0.001,5
14,0.8591549295774648,0.562296446843293,0.001,5
17,0.9154929577464789,0.5596118347856343,0.001,5
21,0.971830985915493,0.5516506950336191,0.001,5
26,0.9859154929577465,0.5358518948353705,0.001,5
33,1,0.5162551059874896,0.001,5
41,1,0.49345393923616865,0.001,5
51,1,0.46831997863264285,0.001,5
63,1,0.4476086420917731,0.001,5
79,1,0.4275127496435503,0.001,5
98,1,0.40605919444667804,0.001,5
122,1,0.38946132661705113,0.001,5
152,1,0.37642667547462294,0.001,5
189,1,0.3622398423792239,0.001,5
235,1,0.3495464462189784,0.001,5
292,1,0.33912795041478894,0.001,5
364,1,0.3329242156469792,0.001,5
453,1,0.3274584232746826,0.001,5
563,1,0.319382281580589,0.001,5
700,1,0.3125611760608611,0.001,5
871,1,0.30672661620033004,0.001,5
1084,1,0.3005820659334671,0.001,5
1349,1,0.29486345477330245,0.001,5
1678,1,0.2892175789427223,0.001,5
2087,1,0.28209759678425195,0.001,5
2597,1,0.27437450502141314,0.001,5
3231,1,0.2672493166531461,0.001,5
4019,1,0.25932855712676595,0.001,5
5000,1,0.25105641637419013,0.001,5
1,0,0.3401867200429326,0.001,6
2,0,0.4486840906612011,0.001,6
3,0,0.4996784383900259,0.001,6
4,0,0.5281279762706099,0.001,6
5,0.028169014084507043,0.5432634366034721,0.001,6
6,0.15492957746478872,0.5540636906189051,0.001,6
7,0.16901408450704225,0.5601318069292824,0.001,6
9,0.323943661971831,0.5691020257604154,0.001,6
11,0.5492957746478874,0.5683743399512804,0.001,6
14,0.7887323943661971,0.5611846752447369,0.001,6
17,0.9154929577464789,0.5546366866744536,0.001,6
21,0.9436619718309859,0.5416498858724423,0.001,6
26,0.9859154929577465,0.5313219536844318,0.001,6
33,1,0.5128712902786658,0.001,6
41,1,0.4937077072567086,0.001,6
51,1,0.4724444821163103,0.001,6
63,1,0.4519788381079385,0.001,6
79,1,0.4262780555590881,0.001,6
98,1,0.4054216873637124,0.001,6
122,1,0.38805451147902525,0.001,6
152,1,0.37090880625961975,0.001,6
189,1,0.3599260878676349,0.001,6
235,1,0.34942055279319906,0.001,6
292,1,0.3383030004205396,0.001,6
364,1,0.3276638325213912,0.001,6
453,1,0.3193348767871393,0.001,6
563,1,0.31182393733128577,0.001,6
700,1,0.3065598654869168,0.001,6
871,1,0.3023981221041879,0.001,6
1084,1,0.2965371666450002,0.001,6
1349,1,0.29063344994316775,0.001,6
1678,1,0.2855195465080483,0.001,6
2087,1,0.2799697732877072,0.001,6
2597,1,0.2736283651845727,0.001,6
3231,1,0.2662453410703789,0.001,6
4019,1,0.25856600802949953,0.001,6
5000,1,0.25098484583408354,0.001,6
1,0,0.3405553558290805,0.001,7
2,0,0.44714716744640326,0.001,7
3,0,0.5002911748497311,0.001,7
4,0.09859154929577464,0.527654842341759,0.001,7
5,0.04225352112676056,0.5430390546408337,0.001,7
6,0.1267605633802817,0.5541147353256506,0.001,7
7,0.19718309859154928,0.561273638048381,0.001,7
9,0.3380281690140845,0.5662105394572259,0.001,7
11,0.4507042253521127,0.5690373485077675,0.001,7
14,0.7887323943661971,0.5675404502740233,0.001,7
17,0.9295774647887324,0.5584637979631517,0.001,7
21,0.971830985915493,0.5486864635841171,0.001,7
26,1,0.534616926688531,0.001,7
33,1,0.5132508782677219,0.001,7
41,1,0.49529680804098986,0.001,7
51,1,0.47211868857324557,0.001,7
63,1,0.4524872995922332,0.001,7
79,1,0.43184272913969135,0.001,7
98,1,0.41078307106121625,0.001,7
122,1,0.38768329064065987,0.001,7
152,1,0.37389764392067065,0.001,7
189,1,0.36073903131459045,0.001,7
235,1,0.3485362325921086,0.001,7
292,1,0.33781540284539585,0.001,7
364,1,0.32931678126069625,0.001,7
453,1,0.3233339112665313,0.001,7
563,1,0.3182527098901847,0.001,7
700,1,0.30994143184015654,0.001,7
871,1,0.30399364717473437,0.001,7
1084,1,0.299022227039315,0.001,7
1349,1,0.29284387703191317,0.001,7
1678,1,0.287141612098738,0.001,7
2087,1,0.2809632342828204,0.001,7
2597,1,0.2743458933972743,0.001,7
3231,1,0.2668458974339599,0.001,7
4019,1,0.25912173841463804,0.001,7
5000,1,0.2513098137391081,0.001,7
1,0,0.3391449232559931,0.001,8
2,0,0.44771188539172535,0.001,8
3,0,0.5001694092489506,0.001,8
4,0.028169014084507043,0.5267795885508249,0.001,8
5,0.04225352112676056,0.5439699908674541,0.001,8
6,0.07042253521126761,0.5568355614655809,0.001,8
7,0.09859154929577464,0.5641284107569249,0.001,8
9,0.2676056338028169,0.5705493295892623,0.001,8
11,0.4225352112676056,0.5696167809968693,0.001,8
14,0.6901408450704225,0.5663442746742076,0.001,8
17,0.8309859154929577,0.5583964388128158,0.001,8
21,0.9577464788732394,0.5464291215102037,0.001,8
26,0.9859154929577465,0.5331500548801935,0.001,8
33,1,0.5156368117289243,0.001,8
41,1,0.4923966000642696,0.001,8
51,1,0.4731069476793314,0.001,8
63,1,0.45072970691273395,0.001,8
79,1,0.4284791281189042,0.001,8
98,1,0.4072524284155252,0.001,8
122,1,0.391835619711516,0.001,8
152,1,0.37193143498437936,0.001,8
189,1,0.3576430921033068,0.001,8
235,1,0.34576795167379704,0.001,8
292,1,0.3375750929013994,0.001,8
364,1,0.3284828674959205,0.001,8
453,1,0.32129157174231404,0.001,8
563,1,0.31607959468326285,0.001,8
700,1,0.3100643048739836,0.001,8
871,1,0.3039904182043842,0.001,8
1084,1,0.29909381831996057,0.001,8
1349,1,0.29326387483875843,0.001,8
1678,1,0.2863739692252791,0.001,8
2087,1,0.2801558555575322,0.001,8
2597,1,0.27297868984846296,0.001,8
3231,1,0.26568439601131666,0.001,8
4019,1,0.25796739208421904,0.001,8
5000,1,0.24984189868508394,0.001,8
1,0,0.3407957704722203,0.001,9
2,0,0.44864700924781653,0.001,9
3,0,0.4967513762419512,0.001,9
4,0.028169014084507043,0.5254715046648385,0.001,9
5,0.1267605633802817,0.5428662535625721,0.001,9
6,0.08450704225352113,0.5548179617890918,0.001,9
7,0.16901408450704225,0.5622107099290833,0.001,9
9,0.29577464788732394,0.5688477968726031,0.001,9
11,0.43661971830985913,0.5710699489607275,0.001,9
14,0.676056338028169,0.5646653453138692,0.001,9
17,0.8732394366197183,0.5553105898655126,0.001,9
21,0.9859154929577465,0.5463205127378901,0.001,9
26,0.9859154929577465,0.5269479429939998,0.001,9
33,1,0.5104421968246873,0.001,9
41,1,0.4921109276447493,0.001,9
51,1,0.47184209542939515,0.001,9
63,1,0.45407617894519103,0.001,9
79,1,0.4295916664910422,0.001,9
98,1,0.40694578341362553,0.001,9
122,1,0.38587702694156556,0.001,9
152,1,0.36899179144624805,0.001,9
189,1,0.35793360782044464,0.001,9
235,1,0.34477552233120234,0.001,9
292,1,0.33580519810456966,0.001,9
364,1,0.3292517499029948,0.001,9
453,1,0.32068416328520344,0.001,9
563,1,0.31422278716230295,0.001,9
700,1,0.3091343125767876,0.001,9
871,1,0.30311109123871915,0.001,9
1084,1,0.2972557117347422,0.001,9
1349,1,0.29236719282655454,0.001,9
1678,1,0.28627677360894177,0.001,9
2087,1,0.2797646807889339,0.001,9
2597,1,0.2740139635859088,0.001,9
3231,1,0.2667896594585447,0.001,9
4019,1,0.2594203506115538,0.001,9
5000,1,0.25135896428301996,0.001,9
1,0,0.3376703801114018,0.001,10
2,0,0.446685345009342,0.001,10
3,0,0.49843930219755683,0.001,10
4,0.028169014084507043,0.5282441416579562,0.001,10
5,0.028169014084507043,0.5447566954244512,0.001,10
6,0.056338028169014086,0.556711856837252,0.001,10
7,0.11267605633802817,0.563854573484899,0.001,10
9,0.352112676056338,0.5686185246052061,0.001,10
11,0.5633802816901409,0.5688289950036898,0.001,10
14,0.7323943661971831,0.566463777065614,0.001,10
17,0.9014084507042254,0.5581957065872891,0.001,10
21,0.9577464788732394,0.5487042355854048,0.001,10
26,1,0.5353821881975341,0.001,10
33,1,0.5162050892527423,0.001,10
41,1,0.4936547049086515,0.001,10
51,1,0.47496622343559125,0.001,10
63,1,0.4524147354390508,0.001,10
79,1,0.431807203773377,0.001,10
98,1,0.4072482484203373,0.001,10
122,1,0.38965494446103843,0.001,10
152,1,0.37475832453474617,0.001,10
189,1,0.35925370550919933,0.001,10
235,1,0.34828855817500204,0.001,10
292,1,0.3401655852182941,0.001,10
364,1,0.3303069564641806,0.001,10
453,1,0.32080756823166623,0.001,10
563,1,0.314926430491694,0.001,10
700,1,0.30829066927083226,0.001,10
871,1,0.30225940835576626,0.001,10
1084,1,0.2972355275468635,0.001,10
1349,1,0.29081316772619337,0.001,10
1678,1,0.28442956977359246,0.001,10
2087,1,0.2779152645259445,0.001,10
2597,1,0.2707204813271903,0.001,10
3231,1,0.2635193039715707,0.001,10
4019,1,0.2554784030304388,0.001,10
5000,1,0.247490859631782,0.001,10
1,0,0.3402508306144366,0.001,11
2,0,0.44845264271757446,0.001,11
3,0.04225352112676056,0.49751482896373694,0.001,11
4,0.04225352112676056,0.5265767827804442,0.001,11
5,0.1267605633802817,0.5440225040667417,0.001,11
6,0.11267605633802817,0.5553265876249633,0.001,11
7,0.2112676056338028,0.5611463978993894,0.001,11
9,0.38028169014084506,0.5684821909165761,0.001,11
11,0.704225352112676,0.5675697228705675,0.001,11
14,0.8169014084507042,0.5655483218748701,0.001,11
17,0.9577464788732394,0.5595828794648943,0.001,11
21,0.9859154929577465,0.5489511400979545,0.001,11
26,1,0.5327747969881589,0.001,11
33,1,0.5185597895219842,0.001,11
41,1,0.4985705982423878,0.001,11
51,1,0.47842213145843915,0.001,11
63,1,0.45794124625888205,0.001,11
79,1,0.43853207295614277,0.001,11
98,1,0.4150430640811787,0.001,11
122,1,0.39831144810394203,0.001,11
152,1,0.37831703388158777,0.001,11
189,1,0.3631591722514204,0.001,11
235,1,0.35045280764469333,0.001,11
292,1,0.3404040194396078,0.001,11
364,1,0.33162907403665454,0.001,11
453,1,0.324633453946441,0.001,11
563,1,0.3179763884353374,0.001,11
700,1,0.31150236210285903,0.001,11
871,1,0.3054716227090768,0.001,11
1084,1,0.3003699660480402,0.001,11
1349,1,0.2949102274565344,0.001,11
1678,1,0.2891583490088413,0.001,11
2087,1,0.28249234113894217,0.001,11
2597,1,0.2755366013146737,0.001,11
3231,1,0.2681492228636593,0.001,11
4019,1,0.26028665481778596,0.001,11
5000,1,0.25250775340660464,0.001,11
1,0,0.3413567379728801,0.001,12
2,0,0.4521611757222383,0.001,12
3,0,0.5041566450913181,0.001,12
4,0,0.5297427214870631,0.001,12
5,0.14084507042253522,0.5458560877764955,0.001,12
6,0.09859154929577464,0.5556587368206538,0.001,12
7,0.18309859154929578,0.5610575636127042,0.001,12
9,0.23943661971830985,0.5698107752584921,0.001,12
11,0.38028169014084506,0.570714252081581,0.001,12
14,0.6901408450704225,0.5641920883857372,0.001,12
17,0.8732394366197183,0.5565286113890676,0.001,12
21,0.9295774647887324,0.5462757276180206,0.001,12
26,0.971830985915493,0.5308257600066332,0.001,12
33,1,0.511498958551095,0.001,12
41,1,0.4944749101081226,0.001,12
51,1,0.4737005430071136,0.001,12
63,1,0.451148828249732,0.001,12
79,1,0.43308040426989064,0.001,12
98,1,0.41582307325869805,0.001,12
122,1,0.39239726777526296,0.001,12
152,1,0.37625495059622294,0.001,12
189,1,0.3613078119836607,0.001,12
235,1,0.3480733178946932,0.001,12
292,1,0.3382126084951509,0.001,12
364,1,0.33213300457546474,0.001,12
453,1,0.3245195892792021,0.001,12
563,1,0.31939015716821517,0.001,12
700,1,0.31336288770217285,0.001,12
871,1,0.30824897303227594,0.001,12
1084,1,0.3022912106291459,0.001,12
1349,1,0.29643649868277266,0.001,12
1678,1,0.2905936232782551,0.001,12
2087,1,0.2840697806911252,0.001,12
2597,1,0.2771835739491011,0.001,12
3231,1,0.26948969001662676,0.001,12
4019,1,0.2612032277317311,0.001,12
5000,1,0.2533433630398273,0.001,12
1,0,0.34049124525757646,0.001,13
2,0,0.44888218392474044,0.001,13
3,0.028169014084507043,0.49795701610332377,0.001,13
4,0.028169014084507043,0.5259617858929635,0.001,13
5,0.056338028169014086,0.5433410444586744,0.001,13
6,0.056338028169014086,0.5544626022535497,0.001,13
7,0.14084507042253522,0.5607696827058972,0.001,13
9,0.3380281690140845,0.5669748511969501,0.001,13
11,0.5492957746478874,0.5702495344935201,0.001,13
14,0.7464788732394366,0.5670559017443313,0.001,13
17,0.9154929577464789,0.5586103393306794,0.001,13
21,0.971830985915493,0.5461771752759823,0.001,13
26,0.9859154929577465,0.5346518460216158,0.001,13
33,1,0.5191860752620725,0.001,13
41,1,0.49643894197361094,0.001,13
51,1,0.4760635286129942,0.001,13
63,1,0.4530908487594005,0.001,13
79,1,0.4317543612065333,0.001,13
98,1,0.4131249172761759,0.001,13
122,1,0.3969349510955388,0.001,13
152,1,0.37834681413456245,0.001,13
189,1,0.3636042564092151,0.001,13
235,1,0.3515796962200366,0.001,13
292,1,0.3405346628943188,0.001,13
364,1,0.3332518428863088,0.001,13
453,1,0.3257439730529905,0.001,13
563,1,0.31854970486119316,0.001,13
700,1,0.31221121071141805,0.001,13
871,1,0.30664128149640835,0.001,13
1084,1,0.3007673652890104,0.001,13
1349,1,0.2943078912717674,0.001,13
1678,1,0.28820778047062046,0.001,13
2087,1,0.2812969236880631,0.001,13
2597,1,0.2739653625782267,0.001,13
3231,1,0.2662996840577036,0.001,13
4019,1,0.25825462598666904,0.001,13
5000,1,0.25052962301740406,0.001,13
1,0,0.33999438832842077,0.001,14
2,0,0.4494911317726188,0.001,14
3,0,0.5021251256483661,0.001,14
4,0,0.5327944932616713,0.001,14
5,0,0.5502855324086608,0.001,14
6,0.014084507042253521,0.560946311899017,0.001,14
7,0.07042253521126761,0.5657131826528343,0.001,14
9,0.3380281690140845,0.5691376289939295,0.001,14
11,0.5774647887323944,0.5696588083680176,0.001,14
14,0.8028169014084507,0.5639112798376844,0.001,14
17,0.8873239436619719,0.5553862338241224,0.001,14
21,0.9577464788732394,0.5472774055631465,0.001,14
26,1,0.5341290815354247,0.001,14
33,1,0.5163451673325811,0.001,14
41,1,0.49682102956031615,0.001,14
51,1,0.4772376404835017,0.001,14
63,1,0.45326784346316895,0.001,14
79,1,0.4345074262221331,0.001,14
98,1,0.4067584699748073,0.001,14
122,1,0.3848837710150457,0.001,14
152,1,0.36662476511671116,0.001,14
189,1,0.3527654656947761,0.001,14
235,1,0.34135761741812054,0.001,14
292,1,0.33143672430236604,0.001,14
364,1,0.3208467943027065,0.001,14
453,1,0.3124188183823062,0.001,14
563,1,0.30808517862653984,0.001,14
700,1,0.3031133299532505,0.001,14
871,1,0.2985707350441864,0.001,14
1084,1,0.29316642612129074,0.001,14
1349,1,0.28779438252430056,0.001,14
1678,1,0.2816386716881849,0.001,14
2087,1,0.2750402758189924,0.001,14
2597,1,0.267882160461967,0.001,14
3231,1,0.2611965653369004,0.001,14
4019,1,0.2536042082681439,0.001,14
5000,1,0.2451226284437731,0.001,14
1,0,0.3408117981150963,0.001,15
2,0,0.4495596356317699,0.001,15
3,0,0.4998204400399587,0.001,15
4,0.028169014084507043,0.528603769524199,0.001,15
5,0.07042253521126761,0.5459582266150547,0.001,15
6,0.04225352112676056,0.5545022351304328,0.001,15
7,0.11267605633802817,0.5623997460483217,0.001,15
9,0.4084507042253521,0.567246884049512,0.001,15
11,0.5633802816901409,0.5665994840249757,0.001,15
14,0.7746478873239436,0.5639443592585069,0.001,15
17,0.9014084507042254,0.5549628845473282,0.001,15
21,1,0.5407996364764198,0.001,15
26,1,0.5301372872434478,0.001,15
33,1,0.5136344606871804,0.001,15
41,1,0.49903755431913377,0.001,15
51,1,0.48092855776511967,0.001,15
63,1,0.45920557154174474,0.001,15
79,1,0.43342683156617623,0.001,15
98,1,0.4099034947342314,0.001,15
122,1,0.3912259829426608,0.001,15
152,1,0.37428648676014165,0.001,15
189,1,0.36128937372289127,0.001,15
235,1,0.34848915940901154,0.001,15
292,1,0.339198199726636,0.001,15
364,1,0.3299706727292251,0.001,15
453,1,0.32290493517584373,0.001,15
563,1,0.3155342330160928,0.001,15
700,1,0.30932156419198553,0.001,15
871,1,0.3043930791135562,0.001,15
1084,1,0.2987250570652875,0.001,15
1349,1,0.29177178566313594,0.001,15
1678,1,0.28594289442092596,0.001,15
2087,1,0.27929642792496284,0.001,15
2597,1,0.27215771435787695,0.001,15
3231,1,0.26457977458712,0.001,15
4019,1,0.2568850473210527,0.001,15
5000,1,0.24881787119173587,0.001,15
1,0,0.34132468268712807,0.001,16
2,0,0.45086185109353094,0.001,16
3,0,0.5018770427292533,0.001,16
4,0.028169014084507043,0.5311889013914639,0.001,16
5,0.028169014084507043,0.5483672612894785,0.001,16
6,0.014084507042253521,0.5582787971431102,0.001,16
7,0.18309859154929578,0.5634689442235822,0.001,16
9,0.4225352112676056,0.5691243832666553,0.001,16
11,0.704225352112676,0.5671385305785277,0.001,16
14,0.8591549295774648,0.5638226640473523,0.001,16
17,0.9577464788732394,0.5619096599309031,0.001,16
21,0.9577464788732394,0.5524648032068016,0.001,16
26,0.9859154929577465,0.5388168926056399,0.001,16
33,1,0.5207656810181933,0.001,16
41,1,0.5010576912784057,0.001,16
51,1,0.477821278204637,0.001,16
63,1,0.4572995074799287,0.001,16
79,1,0.43121187467587246,0.001,16
98,1,0.4149239452278721,0.001,16
122,1,0.39488881115981134,0.001,16
152,1,0.377826893244396,0.001,16
189,1,0.36410781847521767,0.001,16
235,1,0.35182641050934294,0.001,16
292,1,0.34360568657527624,0.001,16
364,1,0.33443522674162174,0.001,16
453,1,0.3244542600354835,0.001,16
563,1,0.31823245048645954,0.001,16
700,1,0.31171674115252374,0.001,16
871,1,0.3057362794019658,0.001,16
1084,1,0.2993841266017117,0.001,16
1349,1,0.293555954209139,0.001,16
1678,1,0.2880692496608713,0.001,16
2087,1,0.28154212807895374,0.001,16
2597,1,0.2743433551896327,0.001,16
3231,1,0.2665813186774345,0.001,16
4019,1,0.2585881545834988,0.001,16
5000,1,0.25015425779625067,0.001,16
1,0,0.33936931025625705,0.001,17
2,0,0.44728877228793673,0.001,17
3,0,0.4976129620708358,0.001,17
4,0,0.5252528690492995,0.001,17
5,0.056338028169014086,0.5410930636302093,0.001,17
6,0.1267605633802817,0.5507417678868411,0.001,17
7,0.18309859154929578,0.5568057735206198,0.001,17
9,0.39436619718309857,0.5632382164851182,0.001,17
11,0.6056338028169014,0.5644173178596448,0.001,17
14,0.8450704225352113,0.5602897251616095,0.001,17
17,0.9014084507042254,0.5546213043337318,0.001,17
21,0.9295774647887324,0.5473621853887483,0.001,17
26,1,0.531035213674428,0.001,17
33,1,0.5122747632282867,0.001,17
41,1,0.4928254479611091,0.001,17
51,1,0.4724420144915751,0.001,17
63,1,0.45081689318653484,0.001,17
79,1,0.4288475133049684,0.001,17
98,1,0.40996618302459775,0.001,17
122,1,0.38356839175798907,0.001,17
152,1,0.36667721916633356,0.001,17
189,1,0.35073250568863545,0.001,17
235,1,0.3379159022780047,0.001,17
292,1,0.32969064235349144,0.001,17
364,1,0.32240892015340183,0.001,17
453,1,0.31652563100058506,0.001,17
563,1,0.3113005774094916,0.001,17
700,1,0.30622168840048286,0.001,17
871,1,0.300215943650609,0.001,17
1084,1,0.2945858518817825,0.001,17
1349,1,0.28957064042170766,0.001,17
1678,1,0.28449559151928805,0.001,17
2087,1,0.27852191025510187,0.001,17
2597,1,0.2712288939491757,0.001,17
3231,1,0.264223991325653,0.001,17
4019,1,0.25689091975611417,0.001,17
5000,1,0.24893053325106418,0.001,17
1,0,0.33911286797024115,0.001,18
2,0,0.4465942410966437,0.001,18
3,0,0.49737694155751977,0.001,18
4,0,0.5259229683094557,0.001,18
5,0,0.544052134942945,0.001,18
6,0.04225352112676056,0.5528623125144095,0.001,18
7,0.11267605633802817,0.5575832341081244,0.001,18
9,0.2112676056338028,0.5661692621107166,0.001,18
11,0.4788732394366197,0.5650071178332031,0.001,18
14,0.7605633802816901,0.563344821132401,0.001,18
17,0.8732394366197183,0.5560396056703298,0.001,18
21,0.9295774647887324,0.5449670607825057,0.001,18
26,0.9859154929577465,0.5311562284230773,0.001,18
33,1,0.5160418486706897,0.001,18
41,1,0.49730603087851566,0.001,18
51,1,0.47674316240544756,0.001,18
63,1,0.4541912004016484,0.001,18
79,1,0.42752077347052786,0.001,18
98,1,0.4106423407635638,0.001,18
122,1,0.3921788179190777,0.001,18
152,1,0.3734921049157473,0.001,18
189,1,0.35904385919374415,0.001,18
235,1,0.34674597126893547,0.001,18
292,1,0.33682565938992914,0.001,18
364,1,0.32912852730196984,0.001,18
453,1,0.32241812249110646,0.001,18
563,1,0.31679357231492306,0.001,18
700,1,0.3096675541684739,0.001,18
871,1,0.30401917871413253,0.001,18
1084,1,0.2986480753251699,0.001,18
1349,1,0.29320344432459133,0.001,18
1678,1,0.2864127807684327,0.001,18
2087,1,0.2806585022192866,0.001,18
2597,1,0.2731213149364856,0.001,18
3231,1,0.26500332297339735,0.001,18
4019,1,0.2575473930312109,0.001,18
5000,1,0.24915115268004112,0.001,18
1,0,0.33996233304266876,0.001,19
2,0,0.4475187824388936,0.001,19
3,0,0.5007703808547124,0.001,19
4,0.028169014084507043,0.5276084017486319,0.001,19
5,0.028169014084507043,0.5478582729860075,0.001,19
6,0.08450704225352113,0.5587972802263531,0.001,19
7,0.09859154929577464,0.5666786576403922,0.001,19
9,0.30985915492957744,0.572600218137346,0.001,19
11,0.5352112676056338,0.5754624837218969,0.001,19
14,0.7323943661971831,0.5709731337848958,0.001,19
17,0.8732394366197183,0.5630930140455881,0.001,19
21,0.9436619718309859,0.5489056038659205,0.001,19
26,1,0.5331057401826899,0.001,19
33,1,0.5153720594005948,0.001,19
41,1,0.4939101489510903,0.001,19
51,1,0.4713436120420602,0.001,19
63,1,0.4526597106321651,0.001,19
79,1,0.4316591389660498,0.001,19
98,1,0.4125407060489744,0.001,19
122,1,0.395176764417888,0.001,19
152,1,0.37746397140911025,0.001,19
189,1,0.3628851651555061,0.001,19
235,1,0.34995145148276685,0.001,19
292,1,0.33964031434614683,0.001,19
364,1,0.3306943618623579,0.001,19
453,1,0.32132208160487397,0.001,19
563,1,0.3153143556223179,0.001,19
700,1,0.3078587710795616,0.001,19
871,1,0.30219108891083957,0.001,19
1084,1,0.2954195043522135,0.001,19
1349,1,0.29064830183752793,0.001,19
1678,1,0.28514557859558054,0.001,19
2087,1,0.2787820719925159,0.001,19
2597,1,0.2712424611640234,0.001,19
3231,1,0.26419199758768297,0.001,19
4019,1,0.2564396272267727,0.001,19
5000,1,0.24836452123323224,0.001,19
1,0,0.3388403980413493,0.001,20
2,0,0.44790407870790283,0.001,20
3,0,0.49820229882683004,0.001,20
4,0.04225352112676056,0.5270148709550788,0.001,20
5,0.08450704225352113,0.5443489316004729,0.001,20
6,0.08450704225352113,0.5542504380167728,0.001,20
7,0.15492957746478872,0.5583318499775363,0.001,20
9,0.2535211267605634,0.5670761510859169,0.001,20
11,0.5774647887323944,0.5659771002014956,0.001,20
14,0.7746478873239436,0.563097112723293,0.001,20
17,0.8873239436619719,0.5591934530611369,0.001,20
21,0.9577464788732394,0.5489451449340395,0.001,20
26,0.9859154929577465,0.537865216271421,0.001,20
33,1,0.5238604932778727,0.001,20
41,1,0.505149606712719,0.001,20
51,1,0.48490891162038957,0.001,20
63,1,0.45937521424756045,0.001,20
79,1,0.4337594327370809,0.001,20
98,1,0.4154765627978909,0.001,20
122,1,0.3934120416923282,0.001,20
152,1,0.37311055851287184,0.001,20
189,1,0.36026906195299874,0.001,20
235,1,0.34763494214050206,0.001,20
292,1,0.3374355842046808,0.001,20
364,1,0.32991113038628433,0.001,20
453,1,0.3225099310805748,0.001,20
563,1,0.31625940810662334,0.001,20
700,1,0.31071075029761897,0.001,20
871,1,0.3044850015353717,0.001,20
1084,1,0.29936128619012053,0.001,20
1349,1,0.2932718550576533,0.001,20
1678,1,0.28720579736601115,0.001,20
2087,1,0.28040509281616166,0.001,20
2597,1,0.2738941228785612,0.001,20
3231,1,0.2662213537546806,0.001,20
4019,1,0.2585562140201525,0.001,20
5000,1,0.25053953695618647,0.001,20
1,0,0.058592749126010146,0.01,1
2,0,0.1064571424050735,0.01,1
3,0,0.14648218900654378,0.01,1
4,0,0.18018479308995827,0.01,1
5,0.028169014084507043,0.20814809239925275,0.01,1
6,0.04225352112676056,0.23206966961718745,0.01,1
7,0.1267605633802817,0.2525912806451083,0.01,1
9,0.28169014084507044,0.28748782310480747,0.01,1
11,0.4647887323943662,0.31260106077959865,0.01,1
14,0.6056338028169014,0.34099392024696495,0.01,1
17,0.8450704225352113,0.3574400871086084,0.01,1
21,0.9859154929577465,0.37315815412171466,0.01,1
26,0.9859154929577465,0.3849269571774955,0.01,1
33,1,0.3939163129722735,0.01,1
41,1,0.39506026270857075,0.01,1
51,1,0.3886030090485364,0.01,1
63,1,0.3851899450665875,0.01,1
79,1,0.3752171935404013,0.01,1
98,1,0.36741032672145113,0.01,1
122,1,0.3586399128727339,0.01,1
152,1,0.3498484809799185,0.01,1
189,1,0.34076596956770866,0.01,1
235,1,0.3300900864529596,0.01,1
292,1,0.3215748271097869,0.01,1
364,1,0.31692359995349234,0.01,1
453,1,0.3115503539543896,0.01,1
563,1,0.30621308403613906,0.01,1
700,1,0.3016552085198271,0.01,1
871,1,0.2978951434986675,0.01,1
1084,1,0.295468382171142,0.01,1
1349,1,0.2911342002343848,0.01,1
1678,1,0.2855444014883407,0.01,1
2087,1,0.27991043192655196,0.01,1
2597,1,0.2739804821078972,0.01,1
3231,1,0.26740906599238656,0.01,1
4019,1,0.26043186347162617,0.01,1
5000,1,0.25281610228587437,0.01,1
1,0,0.05823643626892934,0.01,2
2,0,0.10628304710142603,0.01,2
3,0,0.14591808800803435,0.01,2
4,0.07042253521126761,0.17847777965260375,0.01,2
5,0.056338028169014086,0.2062896545752588,0.01,2
6,0.056338028169014086,0.23076560021175097,0.01,2
7,0.11267605633802817,0.2514143050674379,0.01,2
9,0.36619718309859156,0.28290214528299634,0.01,2
11,0.647887323943662,0.30767820326044704,0.01,2
14,0.8028169014084507,0.33476900443127133,0.01,2
17,0.8873239436619719,0.3521538929192658,0.01,2
21,0.9436619718309859,0.36936045644420223,0.01,2
26,1,0.37936592540182457,0.01,2
33,1,0.3867097383775269,0.01,2
41,1,0.3915050196597649,0.01,2
51,1,0.3854768743693284,0.01,2
63,1,0.3797865390744835,0.01,2
79,1,0.3716769007364174,0.01,2
98,1,0.3623719406743636,0.01,2
122,1,0.34917815939637864,0.01,2
152,1,0.3394782282221081,0.01,2
189,1,0.33184031271804304,0.01,2
235,1,0.3251486551570584,0.01,2
292,1,0.31869314450684105,0.01,2
364,1,0.31359516644608487,0.01,2
453,1,0.3090930835076833,0.01,2
563,1,0.30369890508967595,0.01,2
700,1,0.2999479825330798,0.01,2
871,1,0.2955809535329105,0.01,2
1084,1,0.29124268276300574,0.01,2
1349,1,0.28596277125692016,0.01,2
1678,1,0.2807026052989905,0.01,2
2087,1,0.2748868139266995,0.01,2
2597,1,0.26910990311692073,0.01,2
3231,1,0.26207406178083587,0.01,2
4019,1,0.2550743497863527,0.01,2
5000,1,0.24786963446803859,0.01,2
1,0,0.05868113681148756,0.01,3
2,0,0.10701664652496473,0.01,3
3,0,0.1468134987372492,0.01,3
4,0,0.18020523471526828,0.01,3
5,0.056338028169014086,0.20680512302713577,0.01,3
6,0.18309859154929578,0.23057918913164788,0.01,3
7,0.22535211267605634,0.2514080187701835,0.01,3
9,0.39436619718309857,0.2830670247195387,0.01,3
11,0.5774647887323944,0.308320253403614,0.01,3
14,0.7464788732394366,0.3382425202776041,0.01,3
17,0.8591549295774648,0.35649859735033856,0.01,3
21,0.971830985915493,0.37213505978945605,0.01,3
26,1,0.3849725584845332,0.01,3
33,1,0.3943576948810506,0.01,3
41,1,0.3920084308409113,0.01,3
51,1,0.39044861074548376,0.01,3
63,1,0.3857241059130849,0.01,3
79,1,0.3779502480228026,0.01,3
98,1,0.3683620488920376,0.01,3
122,1,0.3559374024893681,0.01,3
152,1,0.3441934006494749,0.01,3
189,1,0.33514778394064093,0.01,3
235,1,0.3282784552039907,0.01,3
292,1,0.3232927347575518,0.01,3
364,1,0.31739223178769155,0.01,3
453,1,0.31197329634084026,0.01,3
563,1,0.3065776980108835,0.01,3
700,1,0.3011183784791441,0.01,3
871,1,0.2982577382479832,0.01,3
1084,1,0.2938922690814699,0.01,3
1349,1,0.2892027619726836,0.01,3
1678,1,0.28364116849754717,0.01,3
2087,1,0.27751426809684454,0.01,3
2597,1,0.2711531532739503,0.01,3
3231,1,0.26465271423862236,0.01,3
4019,1,0.2579023879619099,0.01,3
5000,1,0.2498786729159022,0.01,3
1,0,0.058482264519163385,0.01,4
2,0,0.10608317632150627,0.01,4
3,0.028169014084507043,0.1443094499717736,0.01,4
4,0.04225352112676056,0.17749259897857883,0.01,4
5,0.18309859154929578,0.20430506737965265,0.01,4
6,0.2535211267605634,0.22769601270318607,0.01,4
7,0.4225352112676056,0.24757008694043595,0.01,4
9,0.5211267605633803,0.28150786881813433,0.01,4
11,0.7464788732394366,0.30662354495468497,0.01,4
14,0.8028169014084507,0.33401125813913934,0.01,4
17,0.9014084507042254,0.3510781791168266,0.01,4
21,0.971830985915493,0.3670343205683773,0.01,4
26,1,0.3801900862142483,0.01,4
33,1,0.39178970472385566,0.01,4
41,1,0.3932925138772533,0.01,4
51,1,0.3896355496296821,0.01,4
63,1,0.3826241659153782,0.01,4
79,1,0.37469986891340623,0.01,4
98,1,0.3636040792102221,0.01,4
122,1,0.3511867278147104,0.01,4
152,1,0.3397077830944441,0.01,4
189,1,0.33170714149902464,0.01,4
235,1,0.32423143579222957,0.01,4
292,1,0.31688766422151127,0.01,4
364,1,0.30928637364173694,0.01,4
453,1,0.3050749719305722,0.01,4
563,1,0.3019475150724542,0.01,4
700,1,0.29814538595788465,0.01,4
871,1,0.29406505042461833,0.01,4
1084,1,0.2897886761155757,0.01,4
1349,1,0.28546096208051286,0.01,4
1678,1,0.2804902938582678,0.01,4
2087,1,0.27531028256811396,0.01,4
2597,1,0.26922941794401467,0.01,4
3231,1,0.2630834655460116,0.01,4
4019,1,0.25628666400530586,0.01,4
5000,1,0.24880634642693505,0.01,4
1,0,0.05849607509501924,0.01,5
2,0,0.10641365748192663,0.01,5
3,0,0.14613458793949488,0.01,5
4,0.04225352112676056,0.1789007155251669,0.01,5
5,0.07042253521126761,0.20670735364466963,0.01,5
6,0.07042253521126761,0.23121547998072756,0.01,5
7,0.14084507042253522,0.2511081936483893,0.01,5
9,0.30985915492957744,0.2838134547687965,0.01,5
11,0.647887323943662,0.3091536024588818,0.01,5
14,0.8591549295774648,0.33462926585601327,0.01,5
17,0.9154929577464789,0.35566681012259527,0.01,5
21,0.971830985915493,0.3736919467650749,0.01,5
26,0.9859154929577465,0.38412317503925253,0.01,5
33,1,0.3908790504927469,0.01,5
41,1,0.3898854074634447,0.01,5
51,1,0.3839334192021019,0.01,5
63,1,0.3782593620750523,0.01,5
79,1,0.3712963085408006,0.01,5
98,1,0.3604147247582775,0.01,5
122,1,0.3521754994058439,0.01,5
152,1,0.34572346447808255,0.01,5
189,1,0.3368905386015957,0.01,5
235,1,0.3284182198626397,0.01,5
292,1,0.3214133377531576,0.01,5
364,1,0.3178077112472262,0.01,5
453,1,0.3143980438707173,0.01,5
563,1,0.30806983843372915,0.01,5
700,1,0.3027191554834916,0.01,5
871,1,0.29812081200982654,0.01,5
1084,1,0.2930283384540671,0.01,5
1349,1,0.2882334024965263,0.01,5
1678,1,0.28340542201373686,0.01,5
2087,1,0.27704874113719263,0.01,5
2597,1,0.270053825517248,0.01,5
3231,1,0.2636151518524582,0.01,5
4019,1,0.25634500743078875,0.01,5
5000,1,0.2486844942207574,0.01,5
1,0,0.058625894508064186,0.01,6
2,0,0.10635333290989038,0.01,6
3,0,0.14582273502462156,0.01,6
4,0,0.17898290921846127,0.01,6
5,0.028169014084507043,0.20626826278358504,0.01,6
6,0.15492957746478872,0.2302074291091549,0.01,6
7,0.16901408450704225,0.25035820191823754,0.01,6
9,0.3380281690140845,0.2846276389086376,0.01,6
11,0.5492957746478874,0.308929333415461,0.01,6
14,0.7887323943661971,0.3341308207747525,0.01,6
17,0.9154929577464789,0.35259619589575686,0.01,6
21,0.9436619718309859,0.36698185684766305,0.01,6
26,0.9859154929577465,0.3811153713052292,0.01,6
33,1,0.3885527902583702,0.01,6
41,1,0.3903613534287502,0.01,6
51,1,0.3875543899705206,0.01,6
63,1,0.3820909552125882,0.01,6
79,1,0.3702774742116699,0.01,6
98,1,0.3599831992201043,0.01,6
122,1,0.3509593897002614,0.01,6
152,1,0.3407337611547352,0.01,6
189,1,0.3348300419628942,0.01,6
235,1,0.3284455103800572,0.01,6
292,1,0.3206624915421159,0.01,6
364,1,0.31278290006405574,0.01,6
453,1,0.3065965145580736,0.01,6
563,1,0.3007982054432944,0.01,6
700,1,0.2968861383826378,0.01,6
871,1,0.29390532252684765,0.01,6
1084,1,0.28907912497578414,0.01,6
1349,1,0.2840908608789334,0.01,6
1678,1,0.27977512749950617,0.01,6
2087,1,0.27496962606146547,0.01,6
2597,1,0.26933544597827697,0.01,6
3231,1,0.26262682379831126,0.01,6
4019,1,0.2555872575755771,0.01,6
5000,1,0.24860592773272577,0.01,6
1,0,0.05868942315700107,0.01,7
2,0,0.10599082368447349,0.01,7
3,0,0.14600155418381527,0.01,7
4,0.09859154929577464,0.17882189613514565,0.01,7
5,0.04225352112676056,0.2062626373529399,0.01,7
6,0.1267605633802817,0.2302525046383369,0.01,7
7,0.19718309859154928,0.25100993533027005,0.01,7
9,0.323943661971831,0.28348457539601024,0.01,7
11,0.4507042253521127,0.3095360219113723,0.01,7
14,0.7887323943661971,0.3377507652592717,0.01,7
17,0.9436619718309859,0.354804833943649,0.01,7
21,0.971830985915493,0.3716045328243802,0.01,7
26,1,0.3832649120213298,0.01,7
33,1,0.38870273868378846,0.01,7
41,1,0.39156449926098447,0.01,7
51,1,0.387143020482322,0.01,7
63,1,0.3824980753406081,0.01,7
79,1,0.3751704435196521,0.01,7
98,1,0.364703606079419,0.01,7
122,1,0.35068468655830204,0.01,7
152,1,0.3434745339462504,0.01,7
189,1,0.3356212803395961,0.01,7
235,1,0.327652175430834,0.01,7
292,1,0.32023790526265317,0.01,7
364,1,0.31432829057765643,0.01,7
453,1,0.3104091442044724,0.01,7
563,1,0.3070065488591216,0.01,7
700,1,0.30017462810651613,0.01,7
871,1,0.29545462831784475,0.01,7
1084,1,0.291524616289192,0.01,7
1349,1,0.2862642623045448,0.01,7
1678,1,0.28137078652420117,0.01,7
2087,1,0.2759464928710912,0.01,7
2597,1,0.2700453710874578,0.01,7
3231,1,0.2632220264981017,0.01,7
4019,1,0.2561430790301228,0.01,7
5000,1,0.24893513963703076,0.01,7
1,0,0.05844635702193819,0.01,8
2,0,0.10612541473569397,0.01,8
3,0,0.14593598939201294,0.01,8
4,0.028169014084507043,0.17855709955200572,0.01,8
5,0.04225352112676056,0.20651192254545853,0.01,8
6,0.07042253521126761,0.2313604614882736,0.01,8
7,0.09859154929577464,0.2521881021873069,0.01,8
9,0.2535211267605634,0.2854136861329072,0.01,8
11,0.4225352112676056,0.30952850568988877,0.01,8
14,0.6901408450704225,0.3370172824930202,0.01,8
17,0.8309859154929577,0.3549409712421754,0.01,8
21,0.9577464788732394,0.37013442894979254,0.01,8
26,0.9859154929577465,0.38216575824504595,0.01,8
33,1,0.39047543719786676,0.01,8
41,1,0.38924944175396037,0.01,8
51,1,0.3878790622109646,0.01,8
63,1,0.3809046788963206,0.01,8
79,1,0.3722106898421498,0.01,8
98,1,0.3615244501339042,0.01,8
122,1,0.3543502674983836,0.01,8
152,1,0.34149657827460655,0.01,8
189,1,0.33248304315427984,0.01,8
235,1,0.32481719271801146,0.01,8
292,1,0.3198597356451711,0.01,8
364,1,0.31342666795752683,0.01,8
453,1,0.3083489631676063,0.01,8
563,1,0.30481988514020486,0.01,8
700,1,0.3002376726619288,0.01,8
871,1,0.295371879755313,0.01,8
1084,1,0.29151024638248263,0.01,8
1349,1,0.28660090292891216,0.01,8
1678,1,0.2805629058369146,0.01,8
2087,1,0.2751028653899914,0.01,8
2597,1,0.2686548426946914,0.01,8
3231,1,0.2620543270342929,0.01,8
4019,1,0.2549882634829522,0.01,8
5000,1,0.24747109231416484,0.01,8
1,0,0.058730854884568605,0.01,9
2,0,0.10634381363519174,0.01,9
3,0,0.14496689099438265,0.01,9
4,0.028169014084507043,0.17810927359509415,0.01,9
5,0.1267605633802817,0.20611061067237468,0.01,9
6,0.08450704225352113,0.2305468246822016,0.01,9
7,0.16901408450704225,0.2513077401453981,0.01,9
9,0.30985915492957744,0.28477200373799616,0.01,9
11,0.43661971830985913,0.3106399774184406,0.01,9
14,0.676056338028169,0.33613557455075915,0.01,9
17,0.8732394366197183,0.35301023056351,0.01,9
21,0.9859154929577465,0.3702713807037099,0.01,9
26,0.9859154929577465,0.3779211808125386,0.01,9
33,1,0.38676520841909073,0.01,9
41,1,0.3892424535830416,0.01,9
51,1,0.387053766571671,0.01,9
63,1,0.3838785972995654,0.01,9
79,1,0.3732872623943383,0.01,9
98,1,0.3613237709297048,0.01,9
122,1,0.3489552596095136,0.01,9
152,1,0.33886777132410584,0.01,9
189,1,0.3329035147386198,0.01,9
235,1,0.32400193481037654,0.01,9
292,1,0.3182900398126045,0.01,9
364,1,0.31431104424141654,0.01,9
453,1,0.3078752843036344,0.01,9
563,1,0.30312302717547024,0.01,9
700,1,0.2994253508247401,0.01,9
871,1,0.2945870495301879,0.01,9
1084,1,0.28975224899839314,0.01,9
1349,1,0.28578881489874225,0.01,9
1678,1,0.28050482816047934,0.01,9
2087,1,0.2747586889767757,0.01,9
2597,1,0.26971407577212486,0.01,9
3231,1,0.2631682065737092,0.01,9
4019,1,0.2564422963447113,0.01,9
5000,1,0.24898117298147515,0.01,9
1,0,0.05819224242619063,0.01,10
2,0,0.10588117531134808,0.01,10
3,0,0.14555357600140317,0.01,10
4,0.028169014084507043,0.17923070758228637,0.01,10
5,0.028169014084507043,0.20713345081032214,0.01,10
6,0.056338028169014086,0.23151467914501234,0.01,10
7,0.11267605633802817,0.25233158492969476,0.01,10
9,0.3380281690140845,0.2847756086255076,0.01,10
11,0.5633802816901409,0.30944188042900045,0.01,10
14,0.7323943661971831,0.33745142169220643,0.01,10
17,0.9014084507042254,0.3550506042443955,0.01,10
21,0.9577464788732394,0.37208143735384697,0.01,10
26,1,0.3842474188753363,0.01,10
33,1,0.39111261927934043,0.01,10
41,1,0.39023043647376615,0.01,10
51,1,0.3894651880674762,0.01,10
63,1,0.3823302375539974,0.01,10
79,1,0.3750232895331258,0.01,10
98,1,0.36152393376764735,0.01,10
122,1,0.3522970312546127,0.01,10
152,1,0.3441563851667293,0.01,10
189,1,0.3340621613187301,0.01,10
235,1,0.3272409322105255,0.01,10
292,1,0.32237452790833976,0.01,10
364,1,0.31522197015775655,0.01,10
453,1,0.30794557015070356,0.01,10
563,1,0.3037856138912636,0.01,10
700,1,0.2985744679781185,0.01,10
871,1,0.2937517310288066,0.01,10
1084,1,0.2897178289898247,0.01,10
1349,1,0.28421072701363553,0.01,10
1678,1,0.2786583723220521,0.01,10
2087,1,0.27289744621865025,0.01,10
2597,1,0.2664269235089952,0.01,10
3231,1,0.25990731427919256,0.01,10
4019,1,0.2525070883200435,0.01,10
5000,1,0.24512285974751244,0.01,10
1,0,0.058636942968748856,0.01,11
2,0,0.10643983463094868,0.01,11
3,0.04225352112676056,0.1453191051025825,0.01,11
4,0.04225352112676056,0.17854134271510919,0.01,11
5,0.1267605633802817,0.2066823622993969,0.01,11
6,0.11267605633802817,0.23083055250547502,0.01,11
7,0.2112676056338028,0.25087967156144786,0.01,11
9,0.39436619718309857,0.2844037583104202,0.01,11
11,0.704225352112676,0.3084774015423971,0.01,11
14,0.8169014084507042,0.3365455190752462,0.01,11
17,0.9577464788732394,0.35552553856108027,0.01,11
21,0.9859154929577465,0.3718911246071766,0.01,11
26,1,0.3819080144899639,0.01,11
33,1,0.39277650865487046,0.01,11
41,1,0.39430615965962845,0.01,11
51,1,0.3925611254479689,0.01,11
63,1,0.38734032165916427,0.01,11
79,1,0.38121038900523846,0.01,11
98,1,0.36876308446367134,0.01,11
122,1,0.3603951850834028,0.01,11
152,1,0.34759267618390954,0.01,11
189,1,0.3378329893669866,0.01,11
235,1,0.3293460545530576,0.01,11
292,1,0.32269477217651465,0.01,11
364,1,0.31660662037294496,0.01,11
453,1,0.31170090169452536,0.01,11
563,1,0.30680571274707763,0.01,11
700,1,0.3017775976112229,0.01,11
871,1,0.2969378216156267,0.01,11
1084,1,0.2928539252583683,0.01,11
1349,1,0.28830452479900626,0.01,11
1678,1,0.2833774844048451,0.01,11
2087,1,0.27747534167073273,0.01,11
2597,1,0.2712355347323504,0.01,11
3231,1,0.2645271961035224,0.01,11
4019,1,0.2573089098425395,0.01,11
5000,1,0.25013098083478164,0.01,11
1,0,0.05882752891555952,0.01,12
2,0,0.10714405872349946,0.01,12
3,0,0.1472255338907663,0.01,12
4,0,0.17965004881009472,0.01,12
5,0.14084507042253522,0.20741545464656125,0.01,12
6,0.09859154929577464,0.23098388621759242,0.01,12
7,0.18309859154929578,0.2509410932115884,0.01,12
9,0.2535211267605634,0.2852280890197141,0.01,12
11,0.38028169014084506,0.310321320456088,0.01,12
14,0.6901408450704225,0.3359202356324295,0.01,12
17,0.8732394366197183,0.35377840142040506,0.01,12
21,0.9295774647887324,0.37021853359160667,0.01,12
26,0.971830985915493,0.3807825637004646,0.01,12
33,1,0.38742957724777516,0.01,12
41,1,0.39083779111286643,0.01,12
51,1,0.388493534921994,0.01,12
63,1,0.3813586989738057,0.01,12
79,1,0.3762657243361677,0.01,12
98,1,0.36929357279015307,0.01,12
122,1,0.3549621664671917,0.01,12
152,1,0.3456920118877983,0.01,12
189,1,0.336120807441441,0.01,12
235,1,0.32715013629305933,0.01,12
292,1,0.32053120933517576,0.01,12
364,1,0.31707555322662856,0.01,12
453,1,0.3116129486408301,0.01,12
563,1,0.3081722098690669,0.01,12
700,1,0.303582992948037,0.01,12
871,1,0.299666250233946,0.01,12
1084,1,0.2947544316651255,0.01,12
1349,1,0.2898230003261077,0.01,12
1678,1,0.28479452159276253,0.01,12
2087,1,0.27903938748511947,0.01,12
2597,1,0.27287049502704197,0.01,12
3231,1,0.2658621759783704,0.01,12
4019,1,0.25822264802872674,0.01,12
5000,1,0.2509623522184241,0.01,12
1,0,0.05867837469631639,0.01,13
2,0,0.10643739732363751,0.01,13
3,0.028169014084507043,0.14528984622808486,0.01,13
4,0.028169014084507043,0.17822249227272416,0.01,13
5,0.056338028169014086,0.20624800672634988,0.01,13
6,0.056338028169014086,0.2302538600719604,0.01,13
7,0.14084507042253522,0.25073862816693515,0.01,13
9,0.323943661971831,0.2837673688393584,0.01,13
11,0.5492957746478874,0.3099575364761562,0.01,13
14,0.7464788732394366,0.3374069496065862,0.01,13
17,0.9154929577464789,0.35495414341117565,0.01,13
21,0.971830985915493,0.36980880853779674,0.01,13
26,0.9859154929577465,0.38319483201129456,0.01,13
33,1,0.3932099241955712,0.01,13
41,1,0.3924468329442836,0.01,13
51,1,0.39033291382451063,0.01,13
63,1,0.3829334903099061,0.01,13
79,1,0.37500654517552073,0.01,13
98,1,0.3667025226400453,0.01,13
122,1,0.35894998319193294,0.01,13
152,1,0.34743928425405024,0.01,13
189,1,0.338152390509349,0.01,13
235,1,0.330388294680518,0.01,13
292,1,0.32277721781324054,0.01,13
364,1,0.31810556792948697,0.01,13
453,1,0.3127969773527991,0.01,13
563,1,0.3073865865162474,0.01,13
700,1,0.3024677119846269,0.01,13
871,1,0.29811476249533064,0.01,13
1084,1,0.2932699799261502,0.01,13
1349,1,0.28772277923245404,0.01,13
1678,1,0.28244485924025253,0.01,13
2087,1,0.27629551008953446,0.01,13
2597,1,0.26967347776333145,0.01,13
3231,1,0.26268398633917145,0.01,13
4019,1,0.2552800084330049,0.01,13
5000,1,0.2481559711356804,0.01,13
1,0,0.058592749126010146,0.01,14
2,0,0.10654383680883725,0.01,14
3,0,0.14653541949915067,0.01,14
4,0,0.18050282728027134,0.01,14
5,0,0.20890523338823566,0.01,14
6,0.014084507042253521,0.2332188989092674,0.01,14
7,0.07042253521126761,0.2530951533338407,0.01,14
9,0.323943661971831,0.28488901587753535,0.01,14
11,0.5774647887323944,0.30996453620688336,0.01,14
14,0.8028169014084507,0.33592094465699196,0.01,14
17,0.8873239436619719,0.3531484580730714,0.01,14
21,0.9577464788732394,0.3709227704705058,0.01,14
26,1,0.38305586740021946,0.01,14
33,1,0.39122731342096084,0.01,14
41,1,0.39278751802467327,0.01,14
51,1,0.3913367663050185,0.01,14
63,1,0.3831258986042636,0.01,14
79,1,0.37749456639559226,0.01,14
98,1,0.36107085235795344,0.01,14
122,1,0.34801151459082863,0.01,14
152,1,0.3366368360144528,0.01,14
189,1,0.3279622949186197,0.01,14
235,1,0.3206252006366188,0.01,14
292,1,0.3139882420805855,0.01,14
364,1,0.3060971249856649,0.01,14
453,1,0.299775722164783,0.01,14
563,1,0.29705916627021406,0.01,14
700,1,0.2934560529246841,0.01,14
871,1,0.29006916164215685,0.01,14
1084,1,0.2856691345903325,0.01,14
1349,1,0.28119683961313346,0.01,14
1678,1,0.2758708368316244,0.01,14
2087,1,0.27003738140492783,0.01,14
2597,1,0.2635950976744317,0.01,14
3231,1,0.25758860960984553,0.01,14
4019,1,0.25064179638442863,0.01,14
5000,1,0.24276731685176922,0.01,14
1,0,0.05873361699973977,0.01,15
2,0,0.10656226687730554,0.01,15
3,0,0.14586530260361671,0.01,15
4,0.028169014084507043,0.1792048440855155,0.01,15
5,0.07042253521126761,0.20743175224501936,0.01,15
6,0.04225352112676056,0.23044924378285947,0.01,15
7,0.11267605633802817,0.2514717564218588,0.01,15
9,0.39436619718309857,0.283912133062043,0.01,15
11,0.5633802816901409,0.30810768882835826,0.01,15
14,0.7746478873239436,0.3358337988847665,0.01,15
17,0.9014084507042254,0.3531290790155109,0.01,15
21,1,0.36656911151638727,0.01,15
26,1,0.380309870623603,0.01,15
33,1,0.3892535817639124,0.01,15
41,1,0.3946982574129144,0.01,15
51,1,0.39463879315568406,0.01,15
63,1,0.3881824954497906,0.01,15
79,1,0.3765361422192622,0.01,15
98,1,0.3639659136899088,0.01,15
122,1,0.3538775363664236,0.01,15
152,1,0.343744181561501,0.01,15
189,1,0.33593747066820584,0.01,15
235,1,0.3273957895333379,0.01,15
292,1,0.3213491777248182,0.01,15
364,1,0.31483690326541325,0.01,15
453,1,0.3098315978283982,0.01,15
563,1,0.304235359887329,0.01,15
700,1,0.2994757482821774,0.01,15
871,1,0.29576757911124096,0.01,15
1084,1,0.2911545267630199,0.01,15
1349,1,0.2851280853007226,0.01,15
1678,1,0.2801341980470791,0.01,15
2087,1,0.2742558967783144,0.01,15
2597,1,0.2678436122901139,0.01,15
3231,1,0.26095325297951455,0.01,15
4019,1,0.2539105151143365,0.01,15
5000,1,0.2464474400970345,0.01,15
1,0,0.058822004685217186,0.01,16
2,0,0.1069760515768183,0.01,16
3,0,0.14662148594339686,0.01,16
4,0.028169014084507043,0.18013561294575337,0.01,16
5,0.028169014084507043,0.20842290825495796,0.01,16
6,0.014084507042253521,0.23211894908271957,0.01,16
7,0.18309859154929578,0.2520662521356354,0.01,16
9,0.4225352112676056,0.28494995377730153,0.01,16
11,0.704225352112676,0.3086062580183735,0.01,16
14,0.8591549295774648,0.33590104460231407,0.01,16
17,0.9577464788732394,0.3574535086958155,0.01,16
21,0.9577464788732394,0.37465234272707737,0.01,16
26,0.9859154929577465,0.386801030526708,0.01,16
33,1,0.3947703081755385,0.01,16
41,1,0.3964551205235869,0.01,16
51,1,0.39201943474796286,0.01,16
63,1,0.38669074326551706,0.01,16
79,1,0.3746906625025588,0.01,16
98,1,0.3684761909767025,0.01,16
122,1,0.35719928561120373,0.01,16
152,1,0.3471044298526998,0.01,16
189,1,0.3387947594450202,0.01,16
235,1,0.3307560716227079,0.01,16
292,1,0.32573940928227085,0.01,16
364,1,0.3193040168049841,0.01,16
453,1,0.3115102781504361,0.01,16
563,1,0.3069845812134734,0.01,16
700,1,0.3018907956785206,0.01,16
871,1,0.29712396913925454,0.01,16
1084,1,0.2918418646774213,0.01,16
1349,1,0.2869363552353912,0.01,16
1678,1,0.28226272073451425,0.01,16
2087,1,0.27649452165115695,0.01,16
2597,1,0.27002350563951555,0.01,16
3231,1,0.2629465255580636,0.01,16
4019,1,0.255609589591958,0.01,16
5000,1,0.24778523557669635,0.01,16
1,0,0.05848502663433455,0.01,17
2,0,0.10598949458195078,0.01,17
3,0,0.1452822892256277,0.01,17
4,0,0.17812657638877,0.01,17
5,0.056338028169014086,0.2054709147844978,0.01,17
6,0.1267605633802817,0.22878276764520125,0.01,17
7,0.18309859154929578,0.2489506880337562,0.01,17
9,0.352112676056338,0.28188665542357755,0.01,17
11,0.6056338028169014,0.3069906818807272,0.01,17
14,0.8450704225352113,0.3335964773633549,0.01,17
17,0.9014084507042254,0.35254289089022606,0.01,17
21,0.9295774647887324,0.37100470746241965,0.01,17
26,1,0.38079793453728183,0.01,17
33,1,0.38806771357304765,0.01,17
41,1,0.3896108220485648,0.01,17
51,1,0.38746006764769503,0.01,17
63,1,0.3810204119910027,0.01,17
79,1,0.37240558897491605,0.01,17
98,1,0.36378810608164003,0.01,17
122,1,0.34668934461400014,0.01,17
152,1,0.33660871727043157,0.01,17
189,1,0.3260196543513071,0.01,17
235,1,0.3174014326027569,0.01,17
292,1,0.312371607527574,0.01,17
364,1,0.3077344674169906,0.01,17
453,1,0.3038693393872409,0.01,17
563,1,0.3002744574819025,0.01,17
700,1,0.2965725637333884,0.01,17
871,1,0.29176706439089695,0.01,17
1084,1,0.287163385628714,0.01,17
1349,1,0.2830337885608094,0.01,17
1678,1,0.27875767153295955,0.01,17
2087,1,0.27353260497983667,0.01,17
2597,1,0.26695045796961175,0.01,17
3231,1,0.26061697532310335,0.01,17
4019,1,0.25392054528759544,0.01,17
5000,1,0.24656173041675417,0.01,17
1,0,0.05844083279159585,0.01,18
2,0,0.10582491855300195,0.01,18
3,0,0.14524733849712967,0.01,18
4,0,0.17826392017569687,0.01,18
5,0,0.20656257377030163,0.01,18
6,0.04225352112676056,0.22970850684482633,0.01,18
7,0.11267605633802817,0.24945008928702184,0.01,18
9,0.2112676056338028,0.2834316679745944,0.01,18
11,0.4788732394366197,0.3074206280059911,0.01,18
14,0.7605633802816901,0.3355192069227405,0.01,18
17,0.8732394366197183,0.35351270956689584,0.01,18
21,0.9295774647887324,0.36915077910793404,0.01,18
26,0.9859154929577465,0.38087718560490025,0.01,18
33,1,0.3907682077801541,0.01,18
41,1,0.3928370734622237,0.01,18
51,1,0.3907065758524398,0.01,18
63,1,0.38358982591472157,0.01,18
79,1,0.37110300297231025,0.01,18
98,1,0.3643592942602601,0.01,18
122,1,0.3545169271868216,0.01,18
152,1,0.3428992656432457,0.01,18
189,1,0.33377569146092273,0.01,18
235,1,0.32568751607333607,0.01,18
292,1,0.3190527649733865,0.01,18
364,1,0.3139738931232888,0.01,18
453,1,0.3093522240836808,0.01,18
563,1,0.30542611410569626,0.01,18
700,1,0.2997636629677224,0.01,18
871,1,0.2953639550747312,0.01,18
1084,1,0.2910443333249675,0.01,18
1349,1,0.28652014575594764,0.01,18
1678,1,0.2805760656117375,0.01,18
2087,1,0.2755937089637615,0.01,18
2597,1,0.268794292726051,0.01,18
3231,1,0.2613711453152888,0.01,18
4019,1,0.2545704664530294,0.01,18
5000,1,0.24678458978179732,0.01,18
1,0,0.05858722489566781,0.01,19
2,0,0.10607866654608669,0.01,19
3,0,0.14623580617530385,0.01,19
4,0.028169014084507043,0.1788030746618316,0.01,19
5,0.028169014084507043,0.2080378784616525,0.01,19
6,0.08450704225352113,0.23212804070760046,0.01,19
7,0.09859154929577464,0.25347552230825743,0.01,19
9,0.30985915492957744,0.2866968552158242,0.01,19
11,0.5352112676056338,0.3130769351545386,0.01,19
14,0.7323943661971831,0.34013095220767225,0.01,19
17,0.8873239436619719,0.35804174941305195,0.01,19
21,0.9436619718309859,0.37218254641243076,0.01,19
26,1,0.38252804329112333,0.01,19
33,1,0.3904380699028198,0.01,19
41,1,0.39052165812885153,0.01,19
51,1,0.38645710972390795,0.01,19
63,1,0.3825609736965768,0.01,19
79,1,0.3749929453481217,0.01,19
98,1,0.3662484146783279,0.01,19
122,1,0.3575103558310647,0.01,19
152,1,0.34680192397921006,0.01,19
189,1,0.3376123647367236,0.01,19
235,1,0.328956353172405,0.01,19
292,1,0.32195959427576515,0.01,19
364,1,0.3156409960837467,0.01,19
453,1,0.30845201942472195,0.01,19
563,1,0.3041341220202711,0.01,19
700,1,0.29813060706125677,0.01,19
871,1,0.2936702227838696,0.01,19
1084,1,0.28793074841073885,0.01,19
1349,1,0.28406751134733355,0.01,19
1678,1,0.27936653439644565,0.01,19
2087,1,0.27375603108994495,0.01,19
2597,1,0.26693726209816104,0.01,19
3231,1,0.26056872286483557,0.01,19
4019,1,0.25346552103686976,0.01,19
5000,1,0.24599324059613414,0.01,19
1,0,0.05839387683368598,0.01,20
2,0,0.10616850136968632,0.01,20
3,0,0.14545404622277466,0.01,20
4,0.04225352112676056,0.17863648821827036,0.01,20
5,0.08450704225352113,0.20673710865024997,0.01,20
6,0.08450704225352113,0.2302691426327294,0.01,20
7,0.15492957746478872,0.24960845457058878,0.01,20
9,0.2535211267605634,0.28366089277109213,0.01,20
11,0.5774647887323944,0.30761735036054866,0.01,20
14,0.7746478873239436,0.33511093492902566,0.01,20
17,0.8873239436619719,0.3553874381918396,0.01,20
21,0.9577464788732394,0.37193777519113164,0.01,20
26,0.9859154929577465,0.3858132339235209,0.01,20
33,1,0.3970223104675113,0.01,20
41,1,0.3996078632818303,0.01,20
51,1,0.3977564337678222,0.01,20
63,1,0.38827656437613367,0.01,20
79,1,0.3768092914465615,0.01,20
98,1,0.3688245799110892,0.01,20
122,1,0.3557537364035632,0.01,20
152,1,0.342568273026276,0.01,20
189,1,0.33500439899317525,0.01,20
235,1,0.32666379499531384,0.01,20
292,1,0.319790381611582,0.01,20
364,1,0.3149271228512084,0.01,20
453,1,0.30963592016219543,0.01,20
563,1,0.3050863125727716,0.01,20
700,1,0.30093036700505793,0.01,20
871,1,0.29590204874281856,0.01,20
1084,1,0.29180597957279664,0.01,20
1349,1,0.2866374475455524,0.01,20
1678,1,0.281412599521822,0.01,20
2087,1,0.2753810302543188,0.01,20
2597,1,0.26959351885031346,0.01,20
3231,1,0.26259676054910364,0.01,20
4019,1,0.25557566715996316,0.01,20
5000,1,0.24816335791387495,0.01,20
1,0,1.6808906628100527e-4,1,1
2,0,3.351535110774135e-4,1,1
3,0,5.075045436220261e-4,1,1
4,0,6.722811874984613e-4,1,1
5,0.028169014084507043,8.343961852118813e-4,1,1
6,0.04225352112676056,0.0010124805158505806,1,1
7,0.11267605633802817,0.0011908951001927419,1,1
9,0.28169014084507044,0.001535677588679872,1,1
11,0.39436619718309857,0.0018644500437820064,1,1
14,0.5070422535211268,0.0023895322476886246,1,1
17,0.6619718309859155,0.0028370261823001536,1,1
21,0.9154929577464789,0.0034663246765266635,1,1
26,0.9859154929577465,0.004245407903199159,1,1
33,1,0.005395008847906133,1,1
41,1,0.006632063126179843,1,1
51,1,0.008096961858393625,1,1
63,1,0.009998359228763014,1,1
79,1,0.012405516979790842,1,1
98,1,0.015361681997323878,1,1
122,1,0.018893045178490886,1,1
152,1,0.02337344757138064,1,1
189,1,0.02857948639025236,1,1
235,1,0.034389444718385107,1,1
292,1,0.04134159158259339,1,1
364,1,0.04986589772728449,1,1
453,1,0.059350770608196754,1,1
563,1,0.06944232932000008,1,1
700,1,0.08056793476830003,1,1
871,1,0.09275456256542058,1,1
1084,1,0.10606250450343017,1,1
1349,1,0.11882278705800495,1,1
1678,1,0.13059969711267647,1,1
2087,1,0.14210469897310518,1,1
2597,1,0.15293132016346708,1,1
3231,1,0.16251573765513644,1,1
4019,1,0.170876228085044,1,1
5000,1,0.17772870269063604,1,1
1,0,1.6706688697820746e-4,1,2
2,0,3.345626550506882e-4,1,2
3,0,4.983373340712142e-4,1,2
4,0.07042253521126761,6.586176038312704e-4,1,2
5,0.056338028169014086,8.174447937288913e-4,1,2
6,0.056338028169014086,9.832689017243395e-4,1,2
7,0.09859154929577464,0.0011524957143094923,1,2
9,0.323943661971831,0.0014687285587811996,1,2
11,0.5070422535211268,0.0017828457479765155,1,2
14,0.7746478873239436,0.0022707940344400433,1,2
17,0.8450704225352113,0.002780709728447022,1,2
21,0.9295774647887324,0.0034564245245896096,1,2
26,0.971830985915493,0.004242383944008274,1,2
33,1,0.005325149043939834,1,2
41,1,0.00663657700997705,1,2
51,1,0.008100319526765317,1,2
63,1,0.009935153914151125,1,2
79,1,0.012345761708185214,1,2
98,1,0.015169090235680468,1,2
122,1,0.01844510584751242,1,2
152,1,0.022644827602414236,1,2
189,1,0.027737283341416622,1,2
235,1,0.03386742789906676,1,2
292,1,0.04090247990000845,1,2
364,1,0.04930164440452183,1,2
453,1,0.05862972148506804,1,2
563,1,0.06856039917420649,1,2
700,1,0.07999283495609605,1,2
871,1,0.09174901242738584,1,2
1084,1,0.10407968839395638,1,2
1349,1,0.11601933414295457,1,2
1678,1,0.12784018154807925,1,2
2087,1,0.13896405063388054,1,2
2597,1,0.14961435903864873,1,2
3231,1,0.15857544121861272,1,2
4019,1,0.16676059468371673,1,2
5000,1,0.17378947928509642,1,2
1,0,1.6834263013906363e-4,1,3
2,0,3.3936376998283213e-4,1,3
3,0,5.112515201103307e-4,1,3
4,0,6.72705965542616e-4,1,3
5,0.056338028169014086,8.27069706607774e-4,1,3
6,0.18309859154929578,9.991220345461648e-4,1,3
7,0.16901408450704225,0.0011699676035754787,1,3
9,0.352112676056338,0.0014823562908078472,1,3
11,0.5633802816901409,0.0018037812594783162,1,3
14,0.6901408450704225,0.002320716689261263,1,3
17,0.8309859154929577,0.0027971299329032,1,3
21,0.9577464788732394,0.0034412258891597797,1,3
26,1,0.004261545615711588,1,3
33,1,0.005437584578910503,1,3
41,1,0.006600825987065307,1,3
51,1,0.00814963610573567,1,3
63,1,0.010056534882764093,1,3
79,1,0.012515109816669992,1,3
98,1,0.015393404866756166,1,3
122,1,0.01871084780266534,1,3
152,1,0.0227879999446195,1,3
189,1,0.02784042711858972,1,3
235,1,0.0341829024968044,1,3
292,1,0.041527615978531565,1,3
364,1,0.04990962629703803,1,3
453,1,0.059150688532115324,1,3
563,1,0.06930670213942555,1,3
700,1,0.08000153092747528,1,3
871,1,0.09256176309156972,1,3
1084,1,0.10481968208402098,1,3
1349,1,0.11739139122680983,1,3
1678,1,0.12937439802016748,1,3
2087,1,0.1404227239492336,1,3
2597,1,0.15085177671826078,1,3
3231,1,0.16038549813334657,1,3
4019,1,0.1688991217440932,1,3
5000,1,0.17544425411871648,1,3
1,0,1.677721114584323e-4,1,4
2,0,3.316629972383584e-4,1,4
3,0.028169014084507043,4.978579472893093e-4,1,4
4,0.04225352112676056,6.580629188397439e-4,1,4
5,0.18309859154929578,8.162151472736466e-4,1,4
6,0.23943661971830985,9.717884626172712e-4,1,4
7,0.4084507042253521,0.0011239088142491918,1,4
9,0.4507042253521127,0.0014661731694668215,1,4
11,0.5915492957746479,0.0017839829849205214,1,4
14,0.7887323943661971,0.0022886815937144638,1,4
17,0.8309859154929577,0.0027455105497663146,1,4
21,0.9436619718309859,0.0033571505898110946,1,4
26,1,0.004167515572577342,1,4
33,1,0.005337695575820289,1,4
41,1,0.006593394478379432,1,4
51,1,0.008066259225429218,1,4
63,1,0.009873744026092836,1,4
79,1,0.012330616346857708,1,4
98,1,0.015038756384854622,1,4
122,1,0.018484446735586593,1,4
152,1,0.022493461414177025,1,4
189,1,0.02753543820208563,1,4
235,1,0.0335948197419161,1,4
292,1,0.0403833949011406,1,4
364,1,0.0481351658045623,1,4
453,1,0.057355437171214246,1,4
563,1,0.0679016113970544,1,4
700,1,0.07905765482076302,1,4
871,1,0.09099347419025655,1,4
1084,1,0.1031643381289513,1,4
1349,1,0.11557804307687661,1,4
1678,1,0.1276306133580874,1,4
2087,1,0.1392425902563899,1,4
2597,1,0.14972469398381835,1,4
3231,1,0.15946134236471218,1,4
4019,1,0.16782608082769856,1,4
5000,1,0.174681291382367,1,4
1,0,1.6781173081125393e-4,1,5
2,0,3.351303604145525e-4,1,5
3,0,5.113072371977028e-4,1,5
4,0.04225352112676056,6.774392693504256e-4,1,5
5,0.07042253521126761,8.409159083962793e-4,1,5
6,0.07042253521126761,0.0010174720423190397,1,5
7,0.14084507042253522,0.0011818730829818468,1,5
9,0.23943661971830985,0.0014995067553173216,1,5
11,0.5492957746478874,0.0018340418222542463,1,5
14,0.7887323943661971,0.0022911222993331425,1,5
17,0.8450704225352113,0.002802902558204557,1,5
21,0.9014084507042254,0.0034671220962980156,1,5
26,0.971830985915493,0.004242051100975328,1,5
33,1,0.0053335122376019445,1,5
41,1,0.006542522975503295,1,5
51,1,0.00804690204626227,1,5
63,1,0.009876233417363687,1,5
79,1,0.012317895480207019,1,5
98,1,0.015043775056420412,1,5
122,1,0.018604744688969443,1,5
152,1,0.023147653058105483,1,5
189,1,0.02817316474750347,1,5
235,1,0.03411119588466531,1,5
292,1,0.04129813253401064,1,5
364,1,0.05007153423343649,1,5
453,1,0.05979237142582944,1,5
563,1,0.06967726715633726,1,5
700,1,0.08068938118313519,1,5
871,1,0.09267967569667065,1,5
1084,1,0.10472545934174798,1,5
1349,1,0.11711393844016259,1,5
1678,1,0.12920680826651987,1,5
2087,1,0.1400644498729398,1,5
2597,1,0.15001211282235843,1,5
3231,1,0.15963086218822092,1,5
4019,1,0.16769805113758363,1,5
5000,1,0.1745124501053577,1,5
1,0,1.6818415272777716e-4,1,6
2,0,3.34828956614509e-4,1,6
3,0,5.005886709116201e-4,1,6
4,0,6.68141083235335e-4,1,6
5,0.028169014084507043,8.296029293504473e-4,1,6
6,0.16901408450704225,9.974742106680372e-4,1,6
7,0.16901408450704225,0.001154218499454655,1,6
9,0.3380281690140845,0.0014788734685951006,1,6
11,0.36619718309859156,0.0018081305610850966,1,6
14,0.6619718309859155,0.002305120615694419,1,6
17,0.8309859154929577,0.002788887259358587,1,6
21,0.9154929577464789,0.003402022634464916,1,6
26,0.9436619718309859,0.004256974371528456,1,6
33,0.9859154929577465,0.005357083957064907,1,6
41,1,0.006635616147869158,1,6
51,1,0.008230736892829998,1,6
63,1,0.010065814516951,1,6
79,1,0.012341844349379367,1,6
98,1,0.015183243987027743,1,6
122,1,0.018668092691722767,1,6
152,1,0.022984161241721722,1,6
189,1,0.028263581463635695,1,6
235,1,0.034462553039930774,1,6
292,1,0.04131540553556101,1,6
364,1,0.049318250930880145,1,6
453,1,0.05830235164435185,1,6
563,1,0.06803094743764473,1,6
700,1,0.07892535240405474,1,6
871,1,0.0912510428821054,1,6
1084,1,0.10321745215425782,1,6
1349,1,0.11527745847459428,1,6
1678,1,0.12743300619651954,1,6
2087,1,0.13907980625427946,1,6
2597,1,0.1497884001218315,1,6
3231,1,0.15905334046829878,1,6
4019,1,0.16718238620620543,1,6
5000,1,0.17435407837347294,1,6
1,0,1.683664017507566e-4,1,7
2,0,3.338083946754049e-4,1,7
3,0,5.012079209716719e-4,1,7
4,0.09859154929577464,6.675100417407348e-4,1,7
5,0.04225352112676056,8.365409639085007e-4,1,7
6,0.1267605633802817,9.999308043821657e-4,1,7
7,0.23943661971830985,0.0011711641694359797,1,7
9,0.2676056338028169,0.0015101072934667727,1,7
11,0.323943661971831,0.0018479178158376137,1,7
14,0.6619718309859155,0.0023097941283486724,1,7
17,0.8309859154929577,0.002770271326329953,1,7
21,0.9577464788732394,0.003421377474034471,1,7
26,1,0.00422470923838477,1,7
33,1,0.005310817681793549,1,7
41,1,0.006615853938180819,1,7
51,1,0.008124473290634222,1,7
63,1,0.0100441390382279,1,7
79,1,0.012560302523792349,1,7
98,1,0.015349562194409274,1,7
122,1,0.018740228973835232,1,7
152,1,0.023139322637178755,1,7
189,1,0.028408334019130257,1,7
235,1,0.03448061395254749,1,7
292,1,0.04139983079665047,1,7
364,1,0.049457244998124344,1,7
453,1,0.05902289459961786,1,7
563,1,0.06961755757014487,1,7
700,1,0.08003003083260363,1,7
871,1,0.0918013659475469,1,7
1084,1,0.10435122432972667,1,7
1349,1,0.11632589005815241,1,7
1678,1,0.12830410519739172,1,7
2087,1,0.13969289500214982,1,7
2597,1,0.15032918476129153,1,7
3231,1,0.15953731297553778,1,7
4019,1,0.16767245302871514,1,7
5000,1,0.17472016917912545,1,7
1,0,1.676691011410961e-4,1,8
2,0,3.342784815579201e-4,1,8
3,0,4.987021093899469e-4,1,8
4,0.028169014084507043,6.690809602057388e-4,1,8
5,0.04225352112676056,8.284415255291659e-4,1,8
6,0.07042253521126761,0.0010035917168442952,1,8
7,0.09859154929577464,0.0011679736548898963,1,8
9,0.2112676056338028,0.0014908069715391463,1,8
11,0.36619718309859156,0.0018022987693819235,1,8
14,0.5774647887323944,0.0022999293118926385,1,8
17,0.7464788732394366,0.002802019230040289,1,8
21,0.8873239436619719,0.003424767553512866,1,8
26,0.9436619718309859,0.004211906942882588,1,8
33,0.9859154929577465,0.005352945878293774,1,8
41,1,0.006611259447322881,1,8
51,1,0.008151755233177904,1,8
63,1,0.009980537766755938,1,8
79,1,0.012415704878731303,1,8
98,1,0.0151594848794249,1,8
122,1,0.018827430458801628,1,8
152,1,0.02278046069081312,1,8
189,1,0.027662861099191166,1,8
235,1,0.03367072364087799,1,8
292,1,0.04090500430342228,1,8
364,1,0.0489274933912381,1,8
453,1,0.058179459533628,1,8
563,1,0.06862564627769344,1,8
700,1,0.07966274853470076,1,8
871,1,0.09121018863538177,1,8
1084,1,0.10365786039329813,1,8
1349,1,0.11586680038579378,1,8
1678,1,0.12738973916985324,1,8
2087,1,0.13869804249154577,1,8
2597,1,0.1489564433700279,1,8
3231,1,0.15846331883570663,1,8
4019,1,0.16663065262623786,1,8
5000,1,0.1734521244699815,1,8
1,0,1.6848525980922146e-4,1,9
2,0,3.34752638150925e-4,1,9
3,0,4.975363698217663e-4,1,9
4,0.028169014084507043,6.670551141906685e-4,1,9
5,0.1267605633802817,8.284229315407602e-4,1,9
6,0.08450704225352113,0.0010013579720514545,1,9
7,0.15492957746478872,0.001160624766813649,1,9
9,0.29577464788732394,0.001510411019834581,1,9
11,0.36619718309859156,0.00184979928372829,1,9
14,0.5774647887323944,0.002309595951579955,1,9
17,0.8028169014084507,0.002791343139154052,1,9
21,0.9154929577464789,0.003461736239087249,1,9
26,0.9859154929577465,0.004214200313375628,1,9
33,1,0.0053597958109486855,1,9
41,1,0.0066779094166187145,1,9
51,1,0.008206117225992196,1,9
63,1,0.01011432854737259,1,9
79,1,0.01252320681381507,1,9
98,1,0.015228262339462808,1,9
122,1,0.01854470064497835,1,9
152,1,0.02269774852318797,1,9
189,1,0.027950780479219575,1,9
235,1,0.03379016206647802,1,9
292,1,0.04093976375524237,1,9
364,1,0.04948580874720736,1,9
453,1,0.05841905681719409,1,9
563,1,0.06858216167468895,1,9
700,1,0.07987213238700741,1,9
871,1,0.09138282998651291,1,9
1084,1,0.10329262752636192,1,9
1349,1,0.1160089660360174,1,9
1678,1,0.12771764364539068,1,9
2087,1,0.13899825849585112,1,9
2597,1,0.15011637712611764,1,9
3231,1,0.1594651796488193,1,9
4019,1,0.16791754974820566,1,9
5000,1,0.17473720403146187,1,9
1,0,1.6694010504917828e-4,1,10
2,0,3.334458968147629e-4,1,10
3,0,5.066721103469556e-4,1,10
4,0.028169014084507043,6.869668513230108e-4,1,10
5,0.028169014084507043,8.599838241714279e-4,1,10
6,0.056338028169014086,0.0010232345688943134,1,10
7,0.07042253521126761,0.0011946940015426944,1,10
9,0.2676056338028169,0.0015243224279322238,1,10
11,0.43661971830985913,0.0018469080320306199,1,10
14,0.5774647887323944,0.00235925356509139,1,10
17,0.7887323943661971,0.002839971948867687,1,10
21,0.9014084507042254,0.0035135430970906745,1,10
26,0.971830985915493,0.004332029881015978,1,10
33,1,0.005407599284710631,1,10
41,1,0.006593495923318704,1,10
51,1,0.00819039865182224,1,10
63,1,0.009996077599268531,1,10
79,1,0.01247148266786095,1,10
98,1,0.015183020231095568,1,10
122,1,0.018589587062556,1,10
152,1,0.023004225005655826,1,10
189,1,0.027916807907790775,1,10
235,1,0.033979337724392544,1,10
292,1,0.04130914586893389,1,10
364,1,0.04927064280357501,1,10
453,1,0.05816517388497053,1,10
563,1,0.0685887983554789,1,10
700,1,0.07938308348462467,1,10
871,1,0.09101099868028588,1,10
1084,1,0.10310601013712908,1,10
1349,1,0.11484253778891013,1,10
1678,1,0.12643886562176063,1,10
2087,1,0.1374183149775961,1,10
2597,1,0.14758562301896788,1,10
3231,1,0.15696765104749008,1,10
4019,1,0.16471009823022253,1,10
5000,1,0.17151673989196525,1,10
1,0,1.6821584821003445e-4,1,11
2,0,3.449389627281264e-4,1,11
3,0.04225352112676056,5.084889604775305e-4,1,11
4,0.04225352112676056,6.733531123277323e-4,1,11
5,0.1267605633802817,8.42290398806455e-4,1,11
6,0.11267605633802817,0.0010093234201384688,1,11
7,0.2112676056338028,0.0011643828367765585,1,11
9,0.3380281690140845,0.0014901856311333086,1,11
11,0.6619718309859155,0.001808159973554299,1,11
14,0.7183098591549296,0.0022960784045375,1,11
17,0.8732394366197183,0.002779338552121615,1,11
21,0.9577464788732394,0.003451095796938945,1,11
26,1,0.004205914604767303,1,11
33,1,0.005398568029359596,1,11
41,1,0.00673143225974992,1,11
51,1,0.008369329423540644,1,11
63,1,0.010311754915577783,1,11
79,1,0.012881679452927173,1,11
98,1,0.01572215695693287,1,11
122,1,0.0193209605458469,1,11
152,1,0.023458088827929935,1,11
189,1,0.02849593435406348,1,11
235,1,0.034374173313478265,1,11
292,1,0.04165868184993476,1,11
364,1,0.04998265069598887,1,11
453,1,0.059357864496930826,1,11
563,1,0.06982780941373191,1,11
700,1,0.08095491615181756,1,11
871,1,0.09254462143072446,1,11
1084,1,0.10496833551922566,1,11
1349,1,0.11741845038021237,1,11
1678,1,0.12958356511959507,1,11
2087,1,0.14081603811219398,1,11
2597,1,0.15123524326748092,1,11
3231,1,0.16061785272647688,1,11
4019,1,0.16868087437854168,1,11
5000,1,0.17574280988587068,1,11
1,0,1.687625952789728e-4,1,12
2,0,3.349797855299922e-4,1,12
3,0,5.126232787253404e-4,1,12
4,0,6.803431371036319e-4,1,12
5,0.11267605633802817,8.49378351949036e-4,1,12
6,0.056338028169014086,0.0010149841941936326,1,12
7,0.14084507042253522,0.0011772115736641798,1,12
9,0.2112676056338028,0.001513580471194929,1,12
11,0.28169014084507044,0.0018363770912581017,1,12
14,0.5211267605633803,0.00232260111319555,1,12
17,0.7323943661971831,0.0028017042512819973,1,12
21,0.8591549295774648,0.003462086504008518,1,12
26,0.971830985915493,0.004263578566298106,1,12
33,0.9859154929577465,0.005330686706779185,1,12
41,1,0.006606800359036076,1,12
51,1,0.00821735778511369,1,12
63,1,0.010032913139043783,1,12
79,1,0.012597763664525329,1,12
98,1,0.015636255881563622,1,12
122,1,0.018998780496567273,1,12
152,1,0.023362840083878244,1,12
189,1,0.028344288977137654,1,12
235,1,0.034242129339417345,1,12
292,1,0.041194813610981595,1,12
364,1,0.04998996702037048,1,12
453,1,0.05942012233048834,1,12
563,1,0.07016119266680246,1,12
700,1,0.08144468625592727,1,12
871,1,0.09362492705053664,1,12
1084,1,0.10585281732121252,1,12
1349,1,0.11825076110163259,1,12
1678,1,0.13029389674134823,1,12
2087,1,0.1417033479123026,1,12
2597,1,0.15231778150317754,1,12
3231,1,0.16158200346929324,1,12
4019,1,0.16941941455190587,1,12
5000,1,0.17645312401257418,1,12
1,0,1.6833470626849932e-4,1,13
2,0,3.3766832152382737e-4,1,13
3,0.028169014084507043,4.964469021008883e-4,1,13
4,0.028169014084507043,6.631546636790062e-4,1,13
5,0.056338028169014086,8.251802040106836e-4,1,13
6,0.056338028169014086,9.86590852116818e-4,1,13
7,0.11267605633802817,0.0011663897746652626,1,13
9,0.2676056338028169,0.0014987819009035053,1,13
11,0.4788732394366197,0.0018171465892005989,1,13
14,0.647887323943662,0.0022996708632048043,1,13
17,0.8591549295774648,0.002783083281268158,1,13
21,0.9436619718309859,0.003397757061410955,1,13
26,0.971830985915493,0.00421687214724256,1,13
33,1,0.0054006377116604335,1,13
41,1,0.006661433599118969,1,13
51,1,0.008216820134025122,1,13
63,1,0.010054264953272534,1,13
79,1,0.012499982524205384,1,13
98,1,0.01534706081269066,1,13
122,1,0.01901784287952033,1,13
152,1,0.023189831947498792,1,13
189,1,0.02830953917227779,1,13
235,1,0.03441159637276388,1,13
292,1,0.041474149740568095,1,13
364,1,0.05000732101210148,1,13
453,1,0.05957624659222671,1,13
563,1,0.06999505501883377,1,13
700,1,0.08105891328286333,1,13
871,1,0.09312581917959376,1,13
1084,1,0.10524838323389413,1,13
1349,1,0.11713698042127547,1,13
1678,1,0.12901388215491788,1,13
2087,1,0.14000451268972125,1,13
2597,1,0.15005005423517986,1,13
3231,1,0.1591397005018845,1,13
4019,1,0.1669964353186102,1,13
5000,1,0.17404913873768652,1,13
1,0,1.6808906628100527e-4,1,14
2,0,3.3537799918920445e-4,1,14
3,0,5.029339328101339e-4,1,14
4,0,6.688181317167065e-4,1,14
5,0,8.376707098757327e-4,1,14
6,0.014084507042253521,0.0010255585626052516,1,14
7,0.04225352112676056,0.0011936192591094057,1,14
9,0.2676056338028169,0.0015109356488148505,1,14
11,0.4225352112676056,0.0018617311803728557,1,14
14,0.647887323943662,0.0023494671432522634,1,14
17,0.7887323943661971,0.0028177736020640718,1,14
21,0.9014084507042254,0.0034868358036748374,1,14
26,0.971830985915493,0.004276005159901536,1,14
33,1,0.005427965390624745,1,14
41,1,0.006679950088199855,1,14
51,1,0.008257538536288652,1,14
63,1,0.010085786781966368,1,14
79,1,0.012663215084094844,1,14
98,1,0.015161614092852604,1,14
122,1,0.018451861986462377,1,14
152,1,0.022485023295786007,1,14
189,1,0.027304372906591372,1,14
235,1,0.03311331045258941,1,14
292,1,0.03999085258519977,1,14
364,1,0.047570557438998046,1,14
453,1,0.056207453624062764,1,14
563,1,0.06654695920259565,1,14
700,1,0.07753946117637608,1,14
871,1,0.08934819802552404,1,14
1084,1,0.10115295065670364,1,14
1349,1,0.11317743387457409,1,14
1678,1,0.12476125366791141,1,14
2087,1,0.13564801819189448,1,14
2597,1,0.14562608667521798,1,14
3231,1,0.15525515471723766,1,14
4019,1,0.16335140166857953,1,14
5000,1,0.1697435001948975,1,14
1,0,1.684931836797858e-4,1,15
2,0,3.355752907299168e-4,1,15
3,0,5.008060550034869e-4,1,15
4,0.028169014084507043,6.738808286877831e-4,1,15
5,0.07042253521126761,8.474503692254499e-4,1,15
6,0.04225352112676056,0.001004981526476413,1,15
7,0.09859154929577464,0.0011711439974192478,1,15
9,0.3380281690140845,0.0015004897209528762,1,15
11,0.4507042253521127,0.0018245464137338382,1,15
14,0.704225352112676,0.0023269163146874957,1,15
17,0.8169014084507042,0.002852104053185425,1,15
21,0.9436619718309859,0.0034456040256571592,1,15
26,0.971830985915493,0.004260647163722094,1,15
33,1,0.005421631873032838,1,15
41,1,0.006779003501846959,1,15
51,1,0.008447306311585488,1,15
63,1,0.010234769160070378,1,15
79,1,0.012625907836058409,1,15
98,1,0.015388618428914872,1,15
122,1,0.018921849800534102,1,15
152,1,0.023071677685664618,1,15
189,1,0.028135057955463328,1,15
235,1,0.03407825580378675,1,15
292,1,0.04103067031934529,1,15
364,1,0.049152006207965074,1,15
453,1,0.058224405547350616,1,15
563,1,0.0682177778021367,1,15
700,1,0.07924645718625917,1,15
871,1,0.09140551941872613,1,15
1084,1,0.10358427939962536,1,15
1349,1,0.11514526167499968,1,15
1678,1,0.12712390101475812,1,15
2087,1,0.13818410602671338,1,15
2597,1,0.14841881723491268,1,15
3231,1,0.1576273858281385,1,15
4019,1,0.16582084255218782,1,15
5000,1,0.17256856445270408,1,15
1,0,1.6874674753784415e-4,1,16
2,0,3.442009702030242e-4,1,16
3,0,5.15187874299539e-4,1,16
4,0.028169014084507043,6.818095443728037e-4,1,16
5,0.028169014084507043,8.57117789366685e-4,1,16
6,0.014084507042253521,0.0010205347014150454,1,16
7,0.18309859154929578,0.0011833592250317768,1,16
9,0.4225352112676056,0.001515656259551687,1,16
11,0.6197183098591549,0.0018492618133421127,1,16
14,0.8028169014084507,0.0023465248084520688,1,16
17,0.8732394366197183,0.0028689289530189253,1,16
21,0.9436619718309859,0.003551241671167585,1,16
26,0.9859154929577465,0.004395385042366121,1,16
33,1,0.0055178892510142725,1,16
41,1,0.006844673555248993,1,16
51,1,0.0083562142148867,1,16
63,1,0.010250994650444139,1,16
79,1,0.012578288498100092,1,16
98,1,0.015565026991036367,1,16
122,1,0.01903233362991999,1,16
152,1,0.02335253988720394,1,16
189,1,0.028630579079190855,1,16
235,1,0.03467964337119286,1,16
292,1,0.0419721977440527,1,16
364,1,0.0503504770539748,1,16
453,1,0.05907964225892903,1,16
563,1,0.0692939668774945,1,16
700,1,0.0802190612835876,1,16
871,1,0.09201620230931026,1,16
1084,1,0.10407404378795727,1,16
1349,1,0.11632427705947296,1,16
1678,1,0.12850989692883294,1,16
2087,1,0.13973988648002172,1,16
2597,1,0.1500293105199538,1,16
3231,1,0.1590715196210453,1,16
4019,1,0.16713416021383093,1,16
5000,1,0.1737521243326419,1,16
1,0,1.6778003532899664e-4,1,17
2,0,3.3137010662549337e-4,1,17
3,0,5.034418232097014e-4,1,17
4,0,6.755147309297194e-4,1,17
5,0.04225352112676056,8.297101964441604e-4,1,17
6,0.1267605633802817,9.891009816169367e-4,1,17
7,0.16901408450704225,0.0011574010397256585,1,17
9,0.29577464788732394,0.0014885702139282872,1,17
11,0.5352112676056338,0.0018297508676678158,1,17
14,0.7183098591549296,0.0023061141166844795,1,17
17,0.8028169014084507,0.0027886376253903784,1,17
21,0.9295774647887324,0.003486713697772548,1,17
26,0.9859154929577465,0.004234364724973998,1,17
33,0.9859154929577465,0.005358047885277268,1,17
41,1,0.006628248119029491,1,17
51,1,0.0081989898996357,1,17
63,1,0.009988128430994543,1,17
79,1,0.012319605202080999,1,17
98,1,0.015094505221320543,1,17
122,1,0.018160413009358625,1,17
152,1,0.022328200416806998,1,17
189,1,0.027001722659675306,1,17
235,1,0.03277250397350962,1,17
292,1,0.03982444598676559,1,17
364,1,0.04821532084405317,1,17
453,1,0.05749637733138985,1,17
563,1,0.06771380513041526,1,17
700,1,0.07881862604202203,1,17
871,1,0.09037219745134056,1,17
1084,1,0.10240702338447269,1,17
1349,1,0.11468799441274156,1,17
1678,1,0.12688752177191093,1,17
2087,1,0.138248473766093,1,17
2597,1,0.1482348713919584,1,17
3231,1,0.15767413122622065,1,17
4019,1,0.16595086299139641,1,17
5000,1,0.1728115817877079,1,17
1,0,1.6765325339996743e-4,1,18
2,0,3.3085556906235205e-4,1,18
3,0,5.058642889315774e-4,1,18
4,0,6.67764059466638e-4,1,18
5,0,8.303876590419151e-4,1,18
6,0.04225352112676056,9.953639245799182e-4,1,18
7,0.11267605633802817,0.0011728115620102668,1,18
9,0.18309859154929578,0.0015053313976110755,1,18
11,0.352112676056338,0.001842057392314202,1,18
14,0.704225352112676,0.002328732525739976,1,18
17,0.8309859154929577,0.0027980609761568418,1,18
21,0.9154929577464789,0.0034078049358809703,1,18
26,0.971830985915493,0.004223568176047371,1,18
33,1,0.005323312860492197,1,18
41,1,0.006538827894267141,1,18
51,1,0.008115558816575528,1,18
63,1,0.009872969143093588,1,18
79,1,0.01216454558129031,1,18
98,1,0.015086324538849031,1,18
122,1,0.01859734416540086,1,18
152,1,0.02272231698993643,1,18
189,1,0.027658608368439266,1,18
235,1,0.033555233981451923,1,18
292,1,0.04047057041769729,1,18
364,1,0.04872639230082493,1,18
453,1,0.05799597513276363,1,18
563,1,0.06833881118333798,1,18
700,1,0.07903745895093171,1,18
871,1,0.09099429416636012,1,18
1084,1,0.10328415370427085,1,18
1349,1,0.11561907718234342,1,18
1678,1,0.12719991039508743,1,18
2087,1,0.1388935117306796,1,18
2597,1,0.14899594799652716,1,18
3231,1,0.15785382014652624,1,18
4019,1,0.16626883935430778,1,18
5000,1,0.17286701922667697,1,18
1,0,1.680732185398766e-4,1,19
2,0,3.3406334189053244e-4,1,19
3,0,5.091266935811193e-4,1,19
4,0.028169014084507043,6.671880055811278e-4,1,19
5,0.014084507042253521,8.399317166805098e-4,1,19
6,0.07042253521126761,0.0010024964189415684,1,19
7,0.08450704225352113,0.0011902300089475515,1,19
9,0.2112676056338028,0.001529387167048638,1,19
11,0.4225352112676056,0.0018743964120903366,1,19
14,0.5915492957746479,0.0023732434422935387,1,19
17,0.7605633802816901,0.002843701687577931,1,19
21,0.9014084507042254,0.00351277052895753,1,19
26,0.9859154929577465,0.0043019953116561465,1,19
33,1,0.005392778963733103,1,19
41,1,0.006648985247356253,1,19
51,1,0.008110752982411921,1,19
63,1,0.01001489695428018,1,19
79,1,0.01252633195659375,1,19
98,1,0.015389506512534217,1,19
122,1,0.01909579673413319,1,19
152,1,0.02340996533889213,1,19
189,1,0.028505889191137772,1,19
235,1,0.03450786631523523,1,19
292,1,0.04154738515745385,1,19
364,1,0.049606999643130936,1,19
453,1,0.05843019499239768,1,19
563,1,0.06868891362821897,1,19
700,1,0.0792433827453321,1,19
871,1,0.09099891744001444,1,19
1084,1,0.10241914445824568,1,19
1349,1,0.11495225549226859,1,19
1678,1,0.12686858160876788,1,19
2087,1,0.137994182269088,1,19
2597,1,0.1478971688231272,1,19
3231,1,0.1573632555662588,1,19
4019,1,0.16547124691322282,1,19
5000,1,0.17218547702018971,1,19
1,0,1.6751854760037392e-4,1,20
2,0,3.3425109135128877e-4,1,20
3,0,5.040087836832861e-4,1,20
4,0.04225352112676056,6.693388559166043e-4,1,20
5,0.08450704225352113,8.364068555520845e-4,1,20
6,0.08450704225352113,9.962169146615458e-4,1,20
7,0.15492957746478872,0.00115612233194705,1,20
9,0.23943661971830985,0.0014789724557079194,1,20
11,0.43661971830985913,0.0018012128920094667,1,20
14,0.6056338028169014,0.0022935087188024955,1,20
17,0.8169014084507042,0.002797677836754142,1,20
21,0.8873239436619719,0.0034634653922585106,1,20
26,0.9577464788732394,0.004314714580025819,1,20
33,0.9859154929577465,0.005524693912698114,1,20
41,1,0.006875469335992573,1,20
51,1,0.008439115685986244,1,20
63,1,0.010186757951835181,1,20
79,1,0.012583559990759243,1,20
98,1,0.015452228427822741,1,20
122,1,0.01881742718924672,1,20
152,1,0.022763107875436887,1,20
189,1,0.027927034013711383,1,20
235,1,0.034041428224680884,1,20
292,1,0.04105752057007096,1,20
364,1,0.04957138639232371,1,20
453,1,0.05877871554881598,1,20
563,1,0.0690099627568682,1,20
700,1,0.080188490481438,1,20
871,1,0.091664919028831,1,20
1084,1,0.10401102577894517,1,20
1349,1,0.11607582145533826,1,20
1678,1,0.1280637991932177,1,20
2087,1,0.1390997848197874,1,20
2597,1,0.1498590000411832,1,20
3231,1,0.1589355978348034,1,20
4019,1,0.16709101264100995,1,20
5000,1,0.17397058797027898,1,20
