n_obs,frac_sig,within_mean,add_k,seed
1,0,0.33601953289517467,0.001,1
2,0,0.44265942744112546,0.001,1
3,0.028169014084507043,0.4925530495764757,0.001,1
4,0.056338028169014086,0.5200318624596902,0.001,1
5,0.04225352112676056,0.5374822740281597,0.001,1
6,0.09859154929577464,0.5485238211393952,0.001,1
7,0.22535211267605634,0.5534662958507219,0.001,1
9,0.4647887323943662,0.5604549619837798,0.001,1
11,0.6056338028169014,0.5614119569021316,0.001,1
14,0.7746478873239436,0.5596638453062008,0.001,1
17,0.8732394366197183,0.5537819215345742,0.001,1
21,0.9295774647887324,0.5437310375881824,0.001,1
26,0.9859154929577465,0.5285299555996985,0.001,1
33,1,0.5078252548542461,0.001,1
41,1,0.48630971884159796,0.001,1
51,1,0.4635448295136415,0.001,1
63,1,0.43668682638836565,0.001,1
79,1,0.41717189503231833,0.001,1
98,1,0.39569541247525836,0.001,1
122,1,0.37995502802315395,0.001,1
152,1,0.36766116123201864,0.001,1
189,1,0.35295293863084537,0.001,1
235,1,0.34170260467290525,0.001,1
292,1,0.33097044908503837,0.001,1
364,1,0.322592499180979,0.001,1
453,1,0.31561052494767994,0.001,1
563,1,0.3110082106514406,0.001,1
700,1,0.30493444572870176,0.001,1
871,1,0.29863580493466124,0.001,1
1084,1,0.29201086253531444,0.001,1
1349,1,0.28630568938488177,0.001,1
1678,1,0.2806993712749534,0.001,1
2087,1,0.2749019960455305,0.001,1
2597,1,0.2680498850985773,0.001,1
3231,1,0.26109201594616516,0.001,1
4019,1,0.2532721677821757,0.001,1
5000,1,0.245348698588722,0.001,1
1,0,0.33911286797024115,0.001,2
2,0,0.44640753253282484,0.001,2
3,0,0.49610118574079426,0.001,2
4,0,0.5208258699242794,0.001,2
5,0.04225352112676056,0.53848834185023,0.001,2
6,0.11267605633802817,0.549121349589954,0.001,2
7,0.19718309859154928,0.5567454096523767,0.001,2
9,0.38028169014084506,0.5628831126242232,0.001,2
11,0.5774647887323944,0.5667013244248301,0.001,2
14,0.7887323943661971,0.5640416614273274,0.001,2
17,0.9014084507042254,0.5571683569714128,0.001,2
21,0.9859154929577465,0.5496798133292882,0.001,2
26,1,0.5304982539239949,0.001,2
33,1,0.5134316156264983,0.001,2
41,1,0.49336016983832437,0.001,2
51,1,0.4724292788703839,0.001,2
63,1,0.454605496137421,0.001,2
79,1,0.432262256395671,0.001,2
98,1,0.41109945996439146,0.001,2
122,1,0.3918237118850188,0.001,2
152,1,0.377586025612169,0.001,2
189,1,0.36034213153185835,0.001,2
235,1,0.34545063220825006,0.001,2
292,1,0.3373974400409266,0.001,2
364,1,0.32914248826671066,0.001,2
453,1,0.3199031750401833,0.001,2
563,1,0.31441128610660996,0.001,2
700,1,0.3090330205787859,0.001,2
871,1,0.3031206951875798,0.001,2
1084,1,0.2969776875403284,0.001,2
1349,1,0.2910041860128078,0.001,2
1678,1,0.2846105643988871,0.001,2
2087,1,0.2784681632499726,0.001,2
2597,1,0.2713352779747583,0.001,2
3231,1,0.26361560970042475,0.001,2
4019,1,0.25611943568726536,0.001,2
5000,1,0.24763496925323114,0.001,2
1,0,0.3410361851153602,0.001,3
2,0,0.45060115181564175,0.001,3
3,0,0.5021535994530245,0.001,3
4,0,0.5314334339192901,0.001,3
5,0,0.5505708109583419,0.001,3
6,0.028169014084507043,0.560801670468914,0.001,3
7,0.014084507042253521,0.5687724134945794,0.001,3
9,0.18309859154929578,0.5699876881382963,0.001,3
11,0.39436619718309857,0.5731296286654224,0.001,3
14,0.6901408450704225,0.5702104242831807,0.001,3
17,0.8591549295774648,0.5611770355573837,0.001,3
21,0.9295774647887324,0.5538379739233388,0.001,3
26,1,0.5357088164524189,0.001,3
33,1,0.5170481534573694,0.001,3
41,1,0.4956142349138531,0.001,3
51,1,0.4749655978017835,0.001,3
63,1,0.4558326199724225,0.001,3
79,1,0.43017386681587044,0.001,3
98,1,0.41224196716001377,0.001,3
122,1,0.3889238926640418,0.001,3
152,1,0.36980202220770897,0.001,3
189,1,0.35555212294593663,0.001,3
235,1,0.34745383053835577,0.001,3
292,1,0.33772522967957036,0.001,3
364,1,0.3290133181842498,0.001,3
453,1,0.3214761401515212,0.001,3
563,1,0.3138112313323539,0.001,3
700,1,0.3076637281538853,0.001,3
871,1,0.30095063863454796,0.001,3
1084,1,0.29511999205612643,0.001,3
1349,1,0.2888616948855067,0.001,3
1678,1,0.2827244512754825,0.001,3
2087,1,0.27664104588000393,0.001,3
2597,1,0.26917989502548645,0.001,3
3231,1,0.2619953957808344,0.001,3
4019,1,0.25414584607685275,0.001,3
5000,1,0.2463556117940884,0.001,3
1,0,0.3402668582573126,0.001,4
2,0,0.4480174624477567,0.001,4
3,0.056338028169014086,0.4975797508472557,0.001,4
4,0.1267605633802817,0.5263683627078732,0.001,4
5,0.16901408450704225,0.5451644437078196,0.001,4
6,0.2112676056338028,0.5557121599729389,0.001,4
7,0.29577464788732394,0.5643416447691136,0.001,4
9,0.43661971830985913,0.5704708090526289,0.001,4
11,0.6197183098591549,0.5667202658992481,0.001,4
14,0.7887323943661971,0.5661206901440294,0.001,4
17,0.8732394366197183,0.5595391188893144,0.001,4
21,0.9859154929577465,0.5485814633705945,0.001,4
26,0.9859154929577465,0.5295205004898338,0.001,4
33,0.9859154929577465,0.5135330560086753,0.001,4
41,1,0.48991255521413624,0.001,4
51,1,0.4659467094176548,0.001,4
63,1,0.44468867251677624,0.001,4
79,1,0.42078389212229383,0.001,4
98,1,0.4001558220319076,0.001,4
122,1,0.3846237387319015,0.001,4
152,1,0.36925225536412076,0.001,4
189,1,0.35358035228061085,0.001,4
235,1,0.34113289029296917,0.001,4
292,1,0.3324245869950698,0.001,4
364,1,0.3242622172224081,0.001,4
453,1,0.3168648392435452,0.001,4
563,1,0.3125565703858356,0.001,4
700,1,0.3059528113187188,0.001,4
871,1,0.30005686702971623,0.001,4
1084,1,0.2926888149495157,0.001,4
1349,1,0.28651002051892327,0.001,4
1678,1,0.2801700474616669,0.001,4
2087,1,0.27435269020082337,0.001,4
2597,1,0.26680138751231663,0.001,4
3231,1,0.25944356910243305,0.001,4
4019,1,0.2516374200953987,0.001,4
5000,1,0.24344390232509783,0.001,4
1,0,0.3404591899718245,0.001,5
2,0,0.4496608634335835,0.001,5
3,0.028169014084507043,0.5002396573371797,0.001,5
4,0.014084507042253521,0.5281804230087809,0.001,5
5,0.04225352112676056,0.5447350556586341,0.001,5
6,0.04225352112676056,0.5556372105912573,0.001,5
7,0.18309859154929578,0.5621263368686638,0.001,5
9,0.28169014084507044,0.5676511004677212,0.001,5
11,0.5492957746478874,0.5672970844294882,0.001,5
14,0.8450704225352113,0.5640492652557518,0.001,5
17,0.971830985915493,0.5620508218488238,0.001,5
21,1,0.5513552166537183,0.001,5
26,1,0.5374658211254324,0.001,5
33,1,0.5153404955787674,0.001,5
41,1,0.4964645197603618,0.001,5
51,1,0.4765419237230668,0.001,5
63,1,0.4538727643831176,0.001,5
79,1,0.4335040899454493,0.001,5
98,1,0.4084121471806885,0.001,5
122,1,0.3868895184670632,0.001,5
152,1,0.37225923864365495,0.001,5
189,1,0.35766496899045,0.001,5
235,1,0.34649296582635103,0.001,5
292,1,0.33937657947159966,0.001,5
364,1,0.33052743100485543,0.001,5
453,1,0.32238383829133577,0.001,5
563,1,0.31585495062385543,0.001,5
700,1,0.3099576415104861,0.001,5
871,1,0.3049579626065448,0.001,5
1084,1,0.29983398875939293,0.001,5
1349,1,0.2944483924432234,0.001,5
1678,1,0.2891345652461147,0.001,5
2087,1,0.28253194162948414,0.001,5
2597,1,0.27607025324401513,0.001,5
3231,1,0.26854583149607403,0.001,5
4019,1,0.2609789673549335,0.001,5
5000,1,0.25296684478700515,0.001,5
1,0,0.33938533789913305,0.001,6
2,0,0.44717012973986753,0.001,6
3,0,0.5010882746284231,0.001,6
4,0,0.5269652035218353,0.001,6
5,0,0.5449133678964715,0.001,6
6,0.028169014084507043,0.5546782608560064,0.001,6
7,0.08450704225352113,0.5610445852960702,0.001,6
9,0.2535211267605634,0.5644025788214184,0.001,6
11,0.49295774647887325,0.5685972683549377,0.001,6
14,0.7887323943661971,0.5643333191964914,0.001,6
17,0.9154929577464789,0.5589836813784337,0.001,6
21,0.9295774647887324,0.5508230534891261,0.001,6
26,0.9859154929577465,0.5349915005202258,0.001,6
33,0.9859154929577465,0.5149032909803319,0.001,6
41,1,0.4956324865116607,0.001,6
51,1,0.4775551279528664,0.001,6
63,1,0.45804754345940457,0.001,6
79,1,0.43608023921256733,0.001,6
98,1,0.41536859275274496,0.001,6
122,1,0.39260613666324107,0.001,6
152,1,0.3728190430919851,0.001,6
189,1,0.35863886025948716,0.001,6
235,1,0.3468354145239001,0.001,6
292,1,0.335531215573609,0.001,6
364,1,0.32620785785143874,0.001,6
453,1,0.3198492347556926,0.001,6
563,1,0.3130544721092796,0.001,6
700,1,0.30685854747720887,0.001,6
871,1,0.3010636084190591,0.001,6
1084,1,0.29552214497140655,0.001,6
1349,1,0.28987795904331487,0.001,6
1678,1,0.2846218369616032,0.001,6
2087,1,0.2784986784570255,0.001,6
2597,1,0.27219506353998746,0.001,6
3231,1,0.2651229911305679,0.001,6
4019,1,0.2570557496136735,0.001,6
5000,1,0.24886966095848417,0.001,6
1,0,0.3388243703984733,0.001,7
2,0,0.44632268461080493,0.001,7
3,0,0.49802216845685643,0.001,7
4,0.028169014084507043,0.5237059999577507,0.001,7
5,0.1267605633802817,0.5404169804183058,0.001,7
6,0.23943661971830985,0.5503829324793486,0.001,7
7,0.23943661971830985,0.5564858020852792,0.001,7
9,0.4084507042253521,0.5634377635878023,0.001,7
11,0.5492957746478874,0.5646962742390969,0.001,7
14,0.8169014084507042,0.5643559457462564,0.001,7
17,0.9014084507042254,0.5582523103970294,0.001,7
21,0.971830985915493,0.5469060787538693,0.001,7
26,0.971830985915493,0.5312975638474978,0.001,7
33,1,0.5125831568234525,0.001,7
41,1,0.49356543376147494,0.001,7
51,1,0.4720721573944495,0.001,7
63,1,0.45070746210803037,0.001,7
79,1,0.4283804919047505,0.001,7
98,1,0.40664403429522744,0.001,7
122,1,0.38790703759404743,0.001,7
152,1,0.37057901694836415,0.001,7
189,1,0.35713791279419393,0.001,7
235,1,0.34429271209559353,0.001,7
292,1,0.33433519309711157,0.001,7
364,1,0.32563725661041903,0.001,7
453,1,0.31932257186857366,0.001,7
563,1,0.31300875090949065,0.001,7
700,1,0.3065772062591142,0.001,7
871,1,0.30099774668728385,0.001,7
1084,1,0.2949890894708895,0.001,7
1349,1,0.2902369998633464,0.001,7
1678,1,0.2847452461064277,0.001,7
2087,1,0.2781991833660732,0.001,7
2597,1,0.2710583566573375,0.001,7
3231,1,0.26450570445109234,0.001,7
4019,1,0.2568781452303839,0.001,7
5000,1,0.24912066839372632,0.001,7
1,0,0.3402348029715606,0.001,8
2,0,0.45091221362403167,0.001,8
3,0,0.49998561141177866,0.001,8
4,0.04225352112676056,0.5273528472716897,0.001,8
5,0.056338028169014086,0.543561620158751,0.001,8
6,0.2112676056338028,0.5547469701076743,0.001,8
7,0.2535211267605634,0.5613972394669074,0.001,8
9,0.5492957746478874,0.5668133115754301,0.001,8
11,0.704225352112676,0.5676849139660602,0.001,8
14,0.8028169014084507,0.5643723296896288,0.001,8
17,0.9154929577464789,0.5583671414452376,0.001,8
21,0.9859154929577465,0.5489875435998437,0.001,8
26,0.9859154929577465,0.5362682701834587,0.001,8
33,1,0.5155829968710779,0.001,8
41,1,0.49924464682333386,0.001,8
51,1,0.479252501620062,0.001,8
63,1,0.4575189327874691,0.001,8
79,1,0.4337356241325938,0.001,8
98,1,0.41234739617162663,0.001,8
122,1,0.3923621803564998,0.001,8
152,1,0.37272739779113384,0.001,8
189,1,0.3578504346652008,0.001,8
235,1,0.34583322047060816,0.001,8
292,1,0.3360568136179174,0.001,8
364,1,0.3268216090687692,0.001,8
453,1,0.3187832849734113,0.001,8
563,1,0.3130582410520487,0.001,8
700,1,0.3077382422501499,0.001,8
871,1,0.30154530502094035,0.001,8
1084,1,0.29568665534029026,0.001,8
1349,1,0.29093593631859926,0.001,8
1678,1,0.28502215491647254,0.001,8
2087,1,0.2794511129914635,0.001,8
2597,1,0.27281936702099263,0.001,8
3231,1,0.265473172655743,0.001,8
4019,1,0.25809740813307414,0.001,8
5000,1,0.2503560106965132,0.001,8
1,0,0.341372765615756,0.001,9
2,0,0.45157349548345194,0.001,9
3,0,0.5014129970955563,0.001,9
4,0.014084507042253521,0.5285591237928566,0.001,9
5,0.028169014084507043,0.5466735567960348,0.001,9
6,0.056338028169014086,0.5581791399081428,0.001,9
7,0.15492957746478872,0.56522429619751835,0.001,9
9,0.38028169014084506,0.5693566058655408,0.001,9
11,0.49295774647887325,0.5727929871264265,0.001,9
14,0.5492957746478874,0.5712092112543681,0.001,9
17,0.7323943661971831,0.563188799662595,0.001,9
21,0.971830985915493,0.5515434334256515,0.001,9
26,1,0.5377820806585334,0.001,9
33,1,0.5156321205113829,0.001,9
41,1,0.49406559812929474,0.001,9
51,1,0.471269714333432,0.001,9
63,1,0.45147630652398363,0.001,9
79,1,0.42947613247786043,0.001,9
98,1,0.40755817367435115,0.001,9
122,1,0.39186968013400875,0.001,9
152,1,0.3733009555618159,0.001,9
189,1,0.35996641085237446,0.001,9
235,1,0.349692683680002,0.001,9
292,1,0.3384668077395673,0.001,9
364,1,0.3283114533954865,0.001,9
453,1,0.3226918204730139,0.001,9
563,1,0.3159223962945622,0.001,9
700,1,0.30994713404102736,0.001,9
871,1,0.30406475742823924,0.001,9
1084,1,0.29908737219582227,0.001,9
1349,1,0.29343901633033764,0.001,9
1678,1,0.28709974555223916,0.001,9
2087,1,0.28042832441262244,0.001,9
2597,1,0.2730456620822055,0.001,9
3231,1,0.26603504237407793,0.001,9
4019,1,0.25885136046773205,0.001,9
5000,1,0.25060043597257425,0.001,9
1,0,0.3416292079017719,0.001,10
2,0,0.45074645244291317,0.001,10
3,0,0.5007230905815759,0.001,10
4,0,0.5302394744341861,0.001,10
5,0,0.5488310138019905,0.001,10
6,0.028169014084507043,0.5582374929114058,0.001,10
7,0.1267605633802817,0.5646867743458757,0.001,10
9,0.2676056338028169,0.573638251874411,0.001,10
11,0.4225352112676056,0.5773394119760333,0.001,10
14,0.6338028169014085,0.5748719488500844,0.001,10
17,0.8028169014084507,0.5683121491237365,0.001,10
21,0.9295774647887324,0.5559750408104134,0.001,10
26,0.9859154929577465,0.5438132448089407,0.001,10
33,1,0.5245809424233178,0.001,10
41,1,0.5036508119986203,0.001,10
51,1,0.4823208753815068,0.001,10
63,1,0.4601406058933596,0.001,10
79,1,0.4398231290494006,0.001,10
98,1,0.4188322448583197,0.001,10
122,1,0.3975590755760984,0.001,10
152,1,0.37546613804972967,0.001,10
189,1,0.3597465580290866,0.001,10
235,1,0.34497218985024036,0.001,10
292,1,0.33638882068175013,0.001,10
364,1,0.32732907133915967,0.001,10
453,1,0.32105966657999707,0.001,10
563,1,0.314494466551419,0.001,10
700,1,0.309148152033981,0.001,10
871,1,0.30402610202071945,0.001,10
1084,1,0.29873863332099587,0.001,10
1349,1,0.29253705211554937,0.001,10
1678,1,0.2863503143402186,0.001,10
2087,1,0.28035210348143047,0.001,10
2597,1,0.2728760321010457,0.001,10
3231,1,0.26535332961030933,0.001,10
4019,1,0.25751303182752683,0.001,10
5000,1,0.24959685404552848,0.001,10
1,0,0.3413567379728801,0.001,11
2,0,0.45049049575954836,0.001,11
3,0.028169014084507043,0.49976501499125603,0.001,11
4,0.056338028169014086,0.5246539218133808,0.001,11
5,0.056338028169014086,0.5420195950526996,0.001,11
6,0.09859154929577464,0.5523407781984118,0.001,11
7,0.1267605633802817,0.5588642932979722,0.001,11
9,0.23943661971830985,0.5639943153653028,0.001,11
11,0.5492957746478874,0.5648269115586664,0.001,11
14,0.7464788732394366,0.5659433294600853,0.001,11
17,0.9295774647887324,0.5592494065944751,0.001,11
21,0.9436619718309859,0.5471067992504679,0.001,11
26,0.9859154929577465,0.5306660478406049,0.001,11
33,1,0.5121618970653887,0.001,11
41,1,0.49175909832295983,0.001,11
51,1,0.46944718613991754,0.001,11
63,1,0.4486416712848688,0.001,11
79,1,0.424448668449547,0.001,11
98,1,0.40462603112704665,0.001,11
122,1,0.38610320523950553,0.001,11
152,1,0.370435656119533,0.001,11
189,1,0.3541327497503939,0.001,11
235,1,0.34159244825070145,0.001,11
292,1,0.3323898796397071,0.001,11
364,1,0.3257533923504745,0.001,11
453,1,0.31920818325482425,0.001,11
563,1,0.3143589202075864,0.001,11
700,1,0.3078683179952126,0.001,11
871,1,0.3023676263320113,0.001,11
1084,1,0.2971449905205001,0.001,11
1349,1,0.2910920305988757,0.001,11
1678,1,0.28485496392906895,0.001,11
2087,1,0.2781731422049176,0.001,11
2597,1,0.271445062641959,0.001,11
3231,1,0.2640425099772072,0.001,11
4019,1,0.2565142785689842,0.001,11
5000,1,0.24851315538718605,0.001,11
1,0,0.3407957704722203,0.001,12
2,0,0.44762958883564596,0.001,12
3,0,0.49904476806768433,0.001,12
4,0,0.5277278976443498,0.001,12
5,0.014084507042253521,0.5433093143613918,0.001,12
6,0.09859154929577464,0.5526928441491752,0.001,12
7,0.11267605633802817,0.5586376130299392,0.001,12
9,0.323943661971831,0.5664389631537798,0.001,12
11,0.49295774647887325,0.5663493419359671,0.001,12
14,0.7605633802816901,0.5611030395836772,0.001,12
17,0.9436619718309859,0.5515303393507343,0.001,12
21,0.9577464788732394,0.5444751013873439,0.001,12
26,0.9859154929577465,0.5337797753831617,0.001,12
33,1,0.5166492748000614,0.001,12
41,1,0.4993628257172054,0.001,12
51,1,0.4750736339956901,0.001,12
63,1,0.45787818984231576,0.001,12
79,1,0.435891814302256,0.001,12
98,1,0.4122153434808419,0.001,12
122,1,0.39355736855996193,0.001,12
152,1,0.3749860685241443,0.001,12
189,1,0.360146423150458,0.001,12
235,1,0.3470925341625062,0.001,12
292,1,0.33804134550226045,0.001,12
364,1,0.3304827404429312,0.001,12
453,1,0.3247886819220057,0.001,12
563,1,0.3175987014738858,0.001,12
700,1,0.3111306464643635,0.001,12
871,1,0.30608472442542733,0.001,12
1084,1,0.3010684871962691,0.001,12
1349,1,0.2950522523486082,0.001,12
1678,1,0.28909256423453167,0.001,12
2087,1,0.2825357620122657,0.001,12
2597,1,0.2748663802331912,0.001,12
3231,1,0.2676513760320325,0.001,12
4019,1,0.2596368396638212,0.001,12
5000,1,0.25143821150657764,0.001,12
1,0,0.3402348029715606,0.001,13
2,0,0.44977896068747614,0.001,13
3,0,0.5015873495033427,0.001,13
4,0.04225352112676056,0.5303259974246632,0.001,13
5,0.04225352112676056,0.547138442448768,0.001,13
6,0.08450704225352113,0.5575159987011427,0.001,13
7,0.11267605633802817,0.5656562403040222,0.001,13
9,0.2676056338028169,0.5675277311229363,0.001,13
11,0.5352112676056338,0.5667710456609596,0.001,13
14,0.7605633802816901,0.5675248130238437,0.001,13
17,0.8591549295774648,0.5582009502162182,0.001,13
21,0.971830985915493,0.5492447130851876,0.001,13
26,1,0.5322069274700294,0.001,13
33,1,0.5112538852576243,0.001,13
41,1,0.48924374335584314,0.001,13
51,1,0.4690524422166069,0.001,13
63,1,0.44874388563338563,0.001,13
79,1,0.4281674292173038,0.001,13
98,1,0.4083737980452651,0.001,13
122,1,0.3892238724271475,0.001,13
152,1,0.3769760061243034,0.001,13
189,1,0.36208567182818574,0.001,13
235,1,0.34984529003366294,0.001,13
292,1,0.339771089316035,0.001,13
364,1,0.33003132542728236,0.001,13
453,1,0.3231002856984509,0.001,13
563,1,0.31564607937190026,0.001,13
700,1,0.30847078431570424,0.001,13
871,1,0.30280210100089455,0.001,13
1084,1,0.29778619454846644,0.001,13
1349,1,0.2926362441836562,0.001,13
1678,1,0.28600015080369334,0.001,13
2087,1,0.27900531863887046,0.001,13
2597,1,0.271351119167922,0.001,13
3231,1,0.2636470255637075,0.001,13
4019,1,0.2558665591274035,0.001,13
5000,1,0.24738096285709207,0.001,13
1,0,0.3396738354709009,0.001,14
2,0,0.44544587396026525,0.001,14
3,0,0.4952809489891224,0.001,14
4,0.056338028169014086,0.5218000381676884,0.001,14
5,0.11267605633802817,0.5395272911629684,0.001,14
6,0.1267605633802817,0.5489523157113222,0.001,14
7,0.2112676056338028,0.5533225782461072,0.001,14
9,0.4084507042253521,0.5563839134857655,0.001,14
11,0.647887323943662,0.5592794808141306,0.001,14
14,0.8450704225352113,0.5575682298245781,0.001,14
17,0.9154929577464789,0.5520751513936034,0.001,14
21,0.9577464788732394,0.5420251834546609,0.001,14
26,0.9859154929577465,0.5290651787877807,0.001,14
33,0.9859154929577465,0.5084415770113546,0.001,14
41,1,0.4853633816099253,0.001,14
51,1,0.4624068111455517,0.001,14
63,1,0.4453328221844723,0.001,14
79,1,0.42286504857559454,0.001,14
98,1,0.4036725949210674,0.001,14
122,1,0.38450592463843325,0.001,14
152,1,0.369066049526747,0.001,14
189,1,0.3548150996752257,0.001,14
235,1,0.3444789732907606,0.001,14
292,1,0.3342848149492511,0.001,14
364,1,0.3249815982627442,0.001,14
453,1,0.3178063857394576,0.001,14
563,1,0.3123567974573241,0.001,14
700,1,0.30693215507071103,0.001,14
871,1,0.30155719428102873,0.001,14
1084,1,0.2956102093585894,0.001,14
1349,1,0.28963824785879955,0.001,14
1678,1,0.28426319958114654,0.001,14
2087,1,0.2781922518409613,0.001,14
2597,1,0.2713433783565262,0.001,14
3231,1,0.26382505103160525,0.001,14
4019,1,0.2564673171082789,0.001,14
5000,1,0.24835629067933784,0.001,14
1,0,0.3408117981150963,0.001,15
2,0,0.4507142229419018,0.001,15
3,0,0.5030175726857804,0.001,15
4,0,0.5303678998072854,0.001,15
5,0.014084507042253521,0.547347386891916,0.001,15
6,0.07042253521126761,0.5592276993649067,0.001,15
7,0.09859154929577464,0.564642498119819,0.001,15
9,0.3380281690140845,0.5669090575421769,0.001,15
11,0.5211267605633803,0.5704629396735303,0.001,15
14,0.7746478873239436,0.5697301019792311,0.001,15
17,0.9014084507042254,0.5613073122661751,0.001,15
21,0.971830985915493,0.5475906577398315,0.001,15
26,1,0.5373302158301694,0.001,15
33,1,0.517924784386428,0.001,15
41,1,0.49873579617185226,0.001,15
51,1,0.48056703517366145,0.001,15
63,1,0.4581072940761329,0.001,15
79,1,0.4335485122348588,0.001,15
98,1,0.40955494683842975,0.001,15
122,1,0.3877126127223868,0.001,15
152,1,0.37361775436792527,0.001,15
189,1,0.35798522873490435,0.001,15
235,1,0.34562802996007547,0.001,15
292,1,0.3330934170572034,0.001,15
364,1,0.32525331368909055,0.001,15
453,1,0.32096242211520776,0.001,15
563,1,0.31359528583196905,0.001,15
700,1,0.30744261855589294,0.001,15
871,1,0.3037265127752731,0.001,15
1084,1,0.29782199081949867,0.001,15
1349,1,0.2924224043425988,0.001,15
1678,1,0.2865489821595333,0.001,15
2087,1,0.27972852023676975,0.001,15
2597,1,0.27289420494848127,0.001,15
3231,1,0.2654089348819782,0.001,15
4019,1,0.25696573898852926,0.001,15
5000,1,0.24885380005487073,0.001,15
1,0,0.3382153199691856,0.001,16
2,0,0.4502704750690066,0.001,16
3,0.08450704225352113,0.5011974925886272,0.001,16
4,0.16901408450704225,0.5290201383107773,0.001,16
5,0.08450704225352113,0.5453789004240266,0.001,16
6,0.14084507042253522,0.556477948117897,0.001,16
7,0.29577464788732394,0.5615212855271403,0.001,16
9,0.4647887323943662,0.5688498519940315,0.001,16
11,0.676056338028169,0.570191685585928,0.001,16
14,0.8169014084507042,0.5645189137206539,0.001,16
17,0.8873239436619719,0.558304486325816,0.001,16
21,0.9577464788732394,0.546074436777207,0.001,16
26,1,0.5329517861752247,0.001,16
33,1,0.5148762973323006,0.001,16
41,1,0.4955478068534704,0.001,16
51,1,0.47186707575729475,0.001,16
63,1,0.4460072075923318,0.001,16
79,1,0.42900838765039284,0.001,16
98,1,0.40802729132208004,0.001,16
122,1,0.389036672466087,0.001,16
152,1,0.3721790938741716,0.001,16
189,1,0.3536994035033092,0.001,16
235,1,0.3398317503186786,0.001,16
292,1,0.3280280817105489,0.001,16
364,1,0.3193570758651931,0.001,16
453,1,0.3123430553301139,0.001,16
563,1,0.30749521665195767,0.001,16
700,1,0.30139201504248603,0.001,16
871,1,0.2970112969962786,0.001,16
1084,1,0.29249787894237,0.001,16
1349,1,0.28766553848547793,0.001,16
1678,1,0.2819660549947831,0.001,16
2087,1,0.27547151450550345,0.001,16
2597,1,0.2687849843282924,0.001,16
3231,1,0.261581590190561,0.001,16
4019,1,0.25338234324457987,0.001,16
5000,1,0.24542209475745833,0.001,16
1,0,0.33994630539979276,0.001,17
2,0,0.4495652587824629,0.001,17
3,0,0.5004772748552427,0.001,17
4,0.056338028169014086,0.5297568773055965,0.001,17
5,0,0.5478437288968667,0.001,17
6,0.028169014084507043,0.5596518801954584,0.001,17
7,0.11267605633802817,0.566963836688154,0.001,17
9,0.2112676056338028,0.5748171287688482,0.001,17
11,0.5352112676056338,0.5775588322925327,0.001,17
14,0.7746478873239436,0.5753155194364409,0.001,17
17,0.8732394366197183,0.5664150714776826,0.001,17
21,0.9577464788732394,0.556197370689236,0.001,17
26,1,0.5426342261903676,0.001,17
33,1,0.52504394377156,0.001,17
41,1,0.505070376435264,0.001,17
51,1,0.4822493291138359,0.001,17
63,1,0.460288588444475,0.001,17
79,1,0.4363191791540699,0.001,17
98,1,0.4184184601876577,0.001,17
122,1,0.3976687755641525,0.001,17
152,1,0.3774616675250907,0.001,17
189,1,0.359863439160685,0.001,17
235,1,0.34743938591290635,0.001,17
292,1,0.33944022682849284,0.001,17
364,1,0.3300060859810871,0.001,17
453,1,0.3216889450284904,0.001,17
563,1,0.31490412982498545,0.001,17
700,1,0.31090795323275733,0.001,17
871,1,0.3049026921426398,0.001,17
1084,1,0.29917488757870203,0.001,17
1349,1,0.2929481781452765,0.001,17
1678,1,0.2861272996482242,0.001,17
2087,1,0.2798586369500232,0.001,17
2597,1,0.27320592557624934,0.001,17
3231,1,0.26567389333501523,0.001,17
4019,1,0.25729384994609505,0.001,17
5000,1,0.2492528265485613,0.001,17
1,0,0.3388243703984733,0.001,18
2,0,0.4469160238172094,0.001,18
3,0,0.49892062326920295,0.001,18
4,0.014084507042253521,0.5282898330641805,0.001,18
5,0.056338028169014086,0.543527414662201,0.001,18
6,0.11267605633802817,0.5525174892615612,0.001,18
7,0.23943661971830985,0.5584750555946114,0.001,18
9,0.3380281690140845,0.5664236673697716,0.001,18
11,0.5492957746478874,0.5695611964220866,0.001,18
14,0.7746478873239436,0.5661998387067193,0.001,18
17,0.8591549295774648,0.5594275400283717,0.001,18
21,0.9295774647887324,0.5479745629712816,0.001,18
26,0.9859154929577465,0.5348099095637697,0.001,18
33,1,0.5138205370914045,0.001,18
41,1,0.49526715813082234,0.001,18
51,1,0.47156054592949237,0.001,18
63,1,0.4494986362765963,0.001,18
79,1,0.42713493487828524,0.001,18
98,1,0.4089987670767692,0.001,18
122,1,0.3888659238028673,0.001,18
152,1,0.3728210688003209,0.001,18
189,1,0.35677396571756614,0.001,18
235,1,0.3442490666459539,0.001,18
292,1,0.3362095379898239,0.001,18
364,1,0.3262889867470077,0.001,18
453,1,0.3204614514024178,0.001,18
563,1,0.31391745287716055,0.001,18
700,1,0.3090366996890159,0.001,18
871,1,0.30454672862472776,0.001,18
1084,1,0.2987792921152501,0.001,18
1349,1,0.2926273777227866,0.001,18
1678,1,0.28595862807733907,0.001,18
2087,1,0.2795632857772645,0.001,18
2597,1,0.27241250371954057,0.001,18
3231,1,0.26483817959041134,0.001,18
4019,1,0.25633107002634364,0.001,18
5000,1,0.24853347803290723,0.001,18
1,0,0.34050727290045246,0.001,19
2,0,0.4497783994813408,0.001,19
3,0,0.49849746691814995,0.001,19
4,0.028169014084507043,0.5267667860646843,0.001,19
5,0,0.5446582938668114,0.001,19
6,0.028169014084507043,0.5531444470184066,0.001,19
7,0.14084507042253522,0.5608300105537416,0.001,19
9,0.30985915492957744,0.5669710832774,0.001,19
11,0.5211267605633803,0.5667471160462578,0.001,19
14,0.704225352112676,0.5615904290205047,0.001,19
17,0.9014084507042254,0.5579793948162847,0.001,19
21,0.9859154929577465,0.5468953169425248,0.001,19
26,1,0.534574118279624,0.001,19
33,1,0.5125322944928961,0.001,19
41,1,0.48972668644050393,0.001,19
51,1,0.46885448476723623,0.001,19
63,1,0.44494967245477723,0.001,19
79,1,0.4218893213386329,0.001,19
98,1,0.39952956538330797,0.001,19
122,1,0.37668796445490305,0.001,19
152,1,0.3635066224902741,0.001,19
189,1,0.35093852954603566,0.001,19
235,1,0.3400742255531678,0.001,19
292,1,0.33164438951220016,0.001,19
364,1,0.3254670266652609,0.001,19
453,1,0.3190184621510268,0.001,19
563,1,0.31359875207470356,0.001,19
700,1,0.30882702286373676,0.001,19
871,1,0.3024558120608668,0.001,19
1084,1,0.29640375580348555,0.001,19
1349,1,0.29020114111756257,0.001,19
1678,1,0.28390150171479855,0.001,19
2087,1,0.27775652104744286,0.001,19
2597,1,0.27126894942139657,0.001,19
3231,1,0.26348265253106873,0.001,19
4019,1,0.2559956742309366,0.001,19
5000,1,0.2482591602506326,0.001,19
1,0,0.33989822247116475,0.001,20
2,0,0.4491505270393812,0.001,20
3,0,0.49978535907732585,0.001,20
4,0,0.5301604968183693,0.001,20
5,0.014084507042253521,0.5480629623036826,0.001,20
6,0.028169014084507043,0.5598983701119773,0.001,20
7,0.04225352112676056,0.5665729070279448,0.001,20
9,0.23943661971830985,0.572208689987943,0.001,20
11,0.49295774647887325,0.5730396234997328,0.001,20
14,0.6619718309859155,0.5703638905074782,0.001,20
17,0.8873239436619719,0.5633283250547418,0.001,20
21,0.9859154929577465,0.5516783224654744,0.001,20
26,1,0.5369717574704725,0.001,20
33,1,0.5192870768556425,0.001,20
41,1,0.49916783198052583,0.001,20
51,1,0.4792691461957228,0.001,20
63,1,0.4541039175829321,0.001,20
79,1,0.42816526807022115,0.001,20
98,1,0.40949904131581294,0.001,20
122,1,0.38952750282610393,0.001,20
152,1,0.37132042341028393,0.001,20
189,1,0.3590566890257515,0.001,20
235,1,0.3459351174729462,0.001,20
292,1,0.33378501618520884,0.001,20
364,1,0.32599927701220366,0.001,20
453,1,0.319804740993351,0.001,20
563,1,0.3129201638003902,0.001,20
700,1,0.3078385805083823,0.001,20
871,1,0.3014176814075962,0.001,20
1084,1,0.29575634292640646,0.001,20
1349,1,0.2894097541711121,0.001,20
1678,1,0.2833110937149951,0.001,20
2087,1,0.2771549413478629,0.001,20
2597,1,0.27027305548738745,0.001,20
3231,1,0.26333339554932045,0.001,20
4019,1,0.2547755070787121,0.001,20
5000,1,0.24705371876661197,0.001,20
1,0,0.05790774456356021,0.01,1
2,0,0.10492740934357339,0.01,1
3,0.028169014084507043,0.14380683973121047,0.01,1
4,0.056338028169014086,0.1762366830333599,0.01,1
5,0.04225352112676056,0.20415032456921237,0.01,1
6,0.09859154929577464,0.22796158621921309,0.01,1
7,0.22535211267605634,0.2474673360669797,0.01,1
9,0.4507042253521127,0.28054266915322523,0.01,1
11,0.6056338028169014,0.30527110271493024,0.01,1
14,0.7746478873239436,0.3331423907980022,0.01,1
17,0.8732394366197183,0.35206343303128695,0.01,1
21,0.9295774647887324,0.3685495770772972,0.01,1
26,0.9859154929577465,0.3791323728874708,0.01,1
33,1,0.3846784763595665,0.01,1
41,1,0.3844268521499577,0.01,1
51,1,0.38013141134919626,0.01,1
63,1,0.3690079641901199,0.01,1
79,1,0.36231674777287637,0.01,1
98,1,0.3512925873160971,0.01,1
122,1,0.3435522130144253,0.01,1
152,1,0.3376305389767832,0.01,1
189,1,0.32819224747298137,0.01,1
235,1,0.32102458124606476,0.01,1
292,1,0.313610374382076,0.01,1
364,1,0.3077788778797177,0.01,1
453,1,0.30287346903785417,0.01,1
563,1,0.2998938462127355,0.01,1
700,1,0.2952196289229494,0.01,1
871,1,0.2901066282987257,0.01,1
1084,1,0.28453706536370493,0.01,1
1349,1,0.27972976270070476,0.01,1
1678,1,0.27494031165250277,0.01,1
2087,1,0.26990086749088793,0.01,1
2597,1,0.26375940343746607,0.01,1
3231,1,0.2574804348136507,0.01,1
4019,1,0.2503065315042192,0.01,1
5000,1,0.24298348286457622,0.01,1
1,0,0.05844083279159585,0.01,2
2,0,0.10581534489976857,0.01,2
3,0,0.1448712843863036,0.01,2
4,0,0.1767128498866771,0.01,2
5,0.04225352112676056,0.20466898273411147,0.01,2
6,0.11267605633802817,0.22830283169398868,0.01,2
7,0.19718309859154928,0.2489615966308662,0.01,2
9,0.38028169014084506,0.28173209096350127,0.01,2
11,0.5774647887323944,0.30807470784515667,0.01,2
14,0.7887323943661971,0.33586079746333075,0.01,2
17,0.8873239436619719,0.3542780127178789,0.01,2
21,0.9859154929577465,0.3723576620405134,0.01,2
26,1,0.38037956276438084,0.01,2
33,1,0.38902967944613825,0.01,2
41,1,0.39016674764476755,0.01,2
51,1,0.3875091631612746,0.01,2
63,1,0.3841945441211659,0.01,2
79,1,0.3754123822559843,0.01,2
98,1,0.3649148779118298,0.01,2
122,1,0.35448431102642775,0.01,2
152,1,0.3469382448285536,0.01,2
189,1,0.3352430572920243,0.01,2
235,1,0.32469465527872154,0.01,2
292,1,0.31985362071308543,0.01,2
364,1,0.31421669867386637,0.01,2
453,1,0.3071179288060641,0.01,2
563,1,0.30333889225781296,0.01,2
700,1,0.299337278633231,0.01,2
871,1,0.29463662017784004,0.01,2
1084,1,0.2895271644633089,0.01,2
1349,1,0.2844487428666912,0.01,2
1678,1,0.27886174313097445,0.01,2
2087,1,0.2734728472913859,0.01,2
2597,1,0.26705005727395825,0.01,2
3231,1,0.2600075235993089,0.01,2
4019,1,0.25314858437957144,0.01,2
5000,1,0.2452667825179207,0.01,2
1,0,0.05877228661213614,0.01,3
2,0,0.10677439564309132,0.01,3
3,0,0.1465118008566783,0.01,3
4,0,0.18004371329540847,0.01,3
5,0,0.20901346092293624,0.01,3
6,0.028169014084507043,0.2329095459046757,0.01,3
7,0.014084507042253521,0.2542581581445559,0.01,3
9,0.19718309859154928,0.28512141826310866,0.01,3
11,0.39436619718309857,0.31137135101599356,0.01,3
14,0.6901408450704225,0.3391980107603987,0.01,3
17,0.8591549295774648,0.356403514911244,0.01,3
21,0.9295774647887324,0.3750647596414104,0.01,3
26,1,0.38392456047637075,0.01,3
33,1,0.39138016788311963,0.01,3
41,1,0.3914162414044532,0.01,3
51,1,0.38923050068154796,0.01,3
63,1,0.38502269717204884,0.01,3
79,1,0.37339310186311403,0.01,3
98,1,0.3658033425574226,0.01,3
122,1,0.35161880253760447,0.01,3
152,1,0.339588151331764,0.01,3
189,1,0.3306031132826465,0.01,3
235,1,0.32644735421580384,0.01,3
292,1,0.32000067611961225,0.01,3
364,1,0.31396584096542646,0.01,3
453,1,0.30854408445017484,0.01,3
563,1,0.3026330447946167,0.01,3
700,1,0.2979018185577378,0.01,3
871,1,0.29239060347057066,0.01,3
1084,1,0.2875988456596783,0.01,3
1349,1,0.2822545368915385,0.01,3
1678,1,0.2769401082577255,0.01,3
2087,1,0.27161434033519216,0.01,3
2597,1,0.2648816334530115,0.01,3
3231,1,0.2583810016735123,0.01,3
4019,1,0.2511794125052586,0.01,3
5000,1,0.24399169922876268,0.01,3
1,0,0.058639705083920024,0.01,4
2,0,0.1062334835614612,0.01,4
3,0.056338028169014086,0.14518144972021987,0.01,4
4,0.1267605633802817,0.17842143880281364,0.01,4
5,0.16901408450704225,0.20701957324818687,0.01,4
6,0.2112676056338028,0.23092594469489824,0.01,4
7,0.29577464788732394,0.25226929624327826,0.01,4
9,0.4225352112676056,0.28526015694808354,0.01,4
11,0.6197183098591549,0.3078589593224133,0.01,4
14,0.7887323943661971,0.3366445067808276,0.01,4
17,0.8732394366197183,0.35526925966639444,0.01,4
21,0.9859154929577465,0.37126546930708604,0.01,4
26,0.9859154929577465,0.3793645821344044,0.01,4
33,0.9859154929577465,0.38863165141324885,0.01,4
41,1,0.386908568445511,0.01,4
51,1,0.3817717820642157,0.01,4
63,1,0.37559658809547714,0.01,4
79,1,0.3651748851704473,0.01,4
98,1,0.35496042905675373,0.01,4
122,1,0.3475860903920024,0.01,4
152,1,0.33891264089031925,0.01,4
189,1,0.3286243126251362,0.01,4
235,1,0.3203351780524337,0.01,4
292,1,0.3148183654974208,0.01,4
364,1,0.30925152779032095,0.01,4
453,1,0.3039802212912267,0.01,4
563,1,0.30131490873183153,0.01,4
700,1,0.2961600606749667,0.01,4
871,1,0.2914641493438218,0.01,4
1084,1,0.28516942028423053,0.01,4
1349,1,0.27990980187111947,0.01,4
1678,1,0.27439679418748314,0.01,4
2087,1,0.2693359411442442,0.01,4
2597,1,0.2625116992906246,0.01,4
3231,1,0.2558397902706313,0.01,4
4019,1,0.2486781340707036,0.01,4
5000,1,0.24108981578032493,0.01,4
1,0,0.05867285046597406,0.01,5
2,0,0.10655158501928369,0.01,5
3,0.028169014084507043,0.14595401171542993,0.01,5
4,0.014084507042253521,0.17905839578345262,0.01,5
5,0.04225352112676056,0.2068494690640466,0.01,5
6,0.04225352112676056,0.23091058394505526,0.01,5
7,0.18309859154929578,0.2513801428021606,0.01,5
9,0.2676056338028169,0.28403584406266313,0.01,5
11,0.5492957746478874,0.3084528389471357,0.01,5
14,0.8450704225352113,0.3358156726578524,0.01,5
17,0.971830985915493,0.35719572600548954,0.01,5
21,1,0.37346983219740043,0.01,5
26,1,0.38542221883590233,0.01,5
33,1,0.39035667863562473,0.01,5
41,1,0.3924921408711026,0.01,5
51,1,0.3908473339437927,0.01,5
63,1,0.3835940573286918,0.01,5
79,1,0.37653377286686607,0.01,5
98,1,0.3626285158270144,0.01,5
122,1,0.3500019980425877,0.01,5
152,1,0.3419529561020648,0.01,5
189,1,0.33270576596466866,0.01,5
235,1,0.32569047157676445,0.01,5
292,1,0.32173426894091117,0.01,5
364,1,0.3155587892646984,0.01,5
453,1,0.3095552506744679,0.01,5
563,1,0.3047240080770167,0.01,5
700,1,0.30023459461500535,0.01,5
871,1,0.29641868805448346,0.01,5
1084,1,0.29231230516050843,0.01,5
1349,1,0.2878033862558679,0.01,5
1678,1,0.2833258373898274,0.01,5
2087,1,0.2774961382904464,0.01,5
2597,1,0.27175109352786986,0.01,5
3231,1,0.26491204033260995,0.01,5
4019,1,0.25799377712419547,0.01,5
5000,1,0.25059108240685984,0.01,5
1,0,0.05848778874950572,0.01,6
2,0,0.10599548927313279,0.01,6
3,0,0.1463265684061047,0.01,6
4,0,0.17867825672620963,0.01,6
5,0,0.20697142976896926,0.01,6
6,0.028169014084507043,0.2304643124415646,0.01,6
7,0.08450704225352113,0.25094917771951786,0.01,6
9,0.2535211267605634,0.28252272976603826,0.01,6
11,0.49295774647887325,0.30906765167667133,0.01,6
14,0.7887323943661971,0.336041118672628,0.01,6
17,0.9154929577464789,0.35547072537078783,0.01,6
21,0.9295774647887324,0.37311832222391295,0.01,6
26,0.9859154929577465,0.38364038286549357,0.01,6
33,0.9859154929577465,0.38994652297931487,0.01,6
41,1,0.39183385301129514,0.01,6
51,1,0.3916422200250309,0.01,6
63,1,0.3872348417425538,0.01,6
79,1,0.37882364810820573,0.01,6
98,1,0.36882172022493964,0.01,6
122,1,0.3551719697763386,0.01,6
152,1,0.34244317457730167,0.01,6
189,1,0.3335922619927667,0.01,6
235,1,0.32593212754768375,0.01,6
292,1,0.3180297383612678,0.01,6
364,1,0.3113814736361916,0.01,6
453,1,0.3071088879244115,0.01,6
563,1,0.30202875424731834,0.01,6
700,1,0.29718386467766694,0.01,6
871,1,0.29258145975672717,0.01,6
1084,1,0.2880534590316666,0.01,6
1349,1,0.28332589491103366,0.01,6
1678,1,0.27887805712318936,0.01,6
2087,1,0.27350803727907325,0.01,6
2597,1,0.2679085192624036,0.01,6
3231,1,0.26151205570506386,0.01,6
4019,1,0.25408298165415194,0.01,6
5000,1,0.24649960334472115,0.01,6
1,0,0.05839111471851481,0.01,7
2,0,0.10579377441146438,0.01,7
3,0,0.14536760104812735,0.01,7
4,0.028169014084507043,0.17745038311430922,0.01,7
5,0.1267605633802817,0.20520989329462536,0.01,7
6,0.23943661971830985,0.22867966003035806,0.01,7
7,0.23943661971830985,0.24882830449006166,0.01,7
9,0.39436619718309857,0.28193115263923596,0.01,7
11,0.5492957746478874,0.3071135613453088,0.01,7
14,0.8169014084507042,0.3361869432518976,0.01,7
17,0.9014084507042254,0.3550087702512491,0.01,7
21,0.971830985915493,0.3705957571807297,0.01,7
26,0.971830985915493,0.38097494011444033,0.01,7
33,1,0.38817494554652165,0.01,7
41,1,0.3901113544866903,0.01,7
51,1,0.3870271499343486,0.01,7
63,1,0.3808668344633499,0.01,7
79,1,0.3721422647611571,0.01,7
98,1,0.3610306964980359,0.01,7
122,1,0.35086983240844016,0.01,7
152,1,0.3403871617532537,0.01,7
189,1,0.3322257993047698,0.01,7
235,1,0.3235916676974804,0.01,7
292,1,0.31686611143689813,0.01,7
364,1,0.310842500095506,0.01,7
453,1,0.3065699185288436,0.01,7
563,1,0.30191582557586794,0.01,7
700,1,0.29689062612580674,0.01,7
871,1,0.29250675577673946,0.01,7
1084,1,0.28753281068216796,0.01,7
1349,1,0.28366219955423644,0.01,7
1678,1,0.27898757647292627,0.01,7
2087,1,0.27319908642613033,0.01,7
2597,1,0.26677247098645174,0.01,7
3231,1,0.260892350386584,0.01,7
4019,1,0.25390551737653483,0.01,7
5000,1,0.2467521499477214,0.01,7
1,0,0.05863418085357769,0.01,8
2,0,0.10691597744961753,0.01,8
3,0,0.14597346060886257,0.01,8
4,0.04225352112676056,0.17874702058859954,0.01,8
5,0.056338028169014086,0.20648501574398384,0.01,8
6,0.2112676056338028,0.2305318498645195,0.01,8
7,0.2535211267605634,0.2510080537356659,0.01,8
9,0.5633802816901409,0.28353986282374366,0.01,8
11,0.704225352112676,0.3086319565914195,0.01,8
14,0.8028169014084507,0.3358965089851641,0.01,8
17,0.9154929577464789,0.35486141583566655,0.01,8
21,0.9859154929577465,0.37212747101333676,0.01,8
26,0.9859154929577465,0.3846850338395608,0.01,8
33,1,0.3905249053466817,0.01,8
41,1,0.3945522428898433,0.01,8
51,1,0.39295706754573856,0.01,8
63,1,0.38665711692130955,0.01,8
79,1,0.3767800411507859,0.01,8
98,1,0.3660971392111564,0.01,8
122,1,0.354931256904066,0.01,8
152,1,0.3423954040474023,0.01,8
189,1,0.3329486170327445,0.01,8
235,1,0.3250293687435078,0.01,8
292,1,0.3185568035424079,0.01,8
364,1,0.3119828135924161,0.01,8
453,1,0.3060715488843267,0.01,8
563,1,0.3019818713790918,0.01,8
700,1,0.2980475740067829,0.01,8
871,1,0.29304230468142245,0.01,8
1084,1,0.2882016017333927,0.01,8
1349,1,0.28433671717589803,0.01,8
1678,1,0.2792429364099651,0.01,8
2087,1,0.2744280971016628,0.01,8
2597,1,0.26851975348350826,0.01,8
3231,1,0.26184980629700166,0.01,8
4019,1,0.2551211261057007,0.01,8
5000,1,0.24798076056587465,0.01,8
1,0,0.05883029103073069,0.01,9
2,0,0.10700480208361968,0.01,9
3,0,0.14626555825322046,0.01,9
4,0.014084507042253521,0.1790743387610801,0.01,9
5,0.028169014084507043,0.20751082658128644,0.01,9
6,0.056338028169014086,0.23185039603977758,0.01,9
7,0.15492957746478872,0.252666189106479,0.01,9
9,0.39436619718309857,0.28493309400074657,0.01,9
11,0.49295774647887325,0.3114047627700829,0.01,9
14,0.5492957746478874,0.3401280303051368,0.01,9
17,0.7323943661971831,0.35791335122014023,0.01,9
21,0.971830985915493,0.37365900523714174,0.01,9
26,1,0.3858263182239957,0.01,9
33,1,0.39069911307899563,0.01,9
41,1,0.3905627759302718,0.01,9
51,1,0.3864108655982341,0.01,9
63,1,0.3815910687748428,0.01,9
79,1,0.3731357732503709,0.01,9
98,1,0.3619181296667384,0.01,9
122,1,0.35454333723875053,0.01,9
152,1,0.3429984660098517,0.01,9
189,1,0.3348748077735939,0.01,9
235,1,0.32874251333134075,0.01,9
292,1,0.3208910474944314,0.01,9
364,1,0.3134380183409543,0.01,9
453,1,0.30990196918773716,0.01,9
563,1,0.3048531122914485,0.01,9
700,1,0.30030366438732053,0.01,9
871,1,0.295598571449963,0.01,9
1084,1,0.29163012737716854,0.01,9
1349,1,0.28686612164580644,0.01,9
1678,1,0.2813317691478233,0.01,9
2087,1,0.275424283025144,0.01,9
2597,1,0.26875232720300224,0.01,9
3231,1,0.262415411970635,0.01,9
4019,1,0.25587212055548847,0.01,9
5000,1,0.24822517698397814,0.01,9
1,0,0.0588744848734694,0.01,10
2,0,0.10684448538525498,0.01,10
3,0,0.14619307437387713,0.01,10
4,0,0.17981420646386825,0.01,10
5,0,0.20854471871272806,0.01,10
6,0.028169014084507043,0.2319707218938101,0.01,10
7,0.1267605633802817,0.25244681648017886,0.01,10
9,0.2535211267605634,0.28699722630791413,0.01,10
11,0.4225352112676056,0.3137934845414124,0.01,10
14,0.647887323943662,0.342185305778264,0.01,10
17,0.8028169014084507,0.361095416483183,0.01,10
21,0.9295774647887324,0.3764301227065061,0.01,10
26,0.9859154929577465,0.38980587065245337,0.01,10
33,1,0.39723299738061574,0.01,10
41,1,0.3980084754439054,0.01,10
51,1,0.3954505219858763,0.01,10
63,1,0.38878011538977386,0.01,10
79,1,0.381964354445877,0.01,10
98,1,0.37182541675670827,0.01,10
122,1,0.35958395180256486,0.01,10
152,1,0.3448195342045396,0.01,10
189,1,0.3345425577459455,0.01,10
235,1,0.3241614933998454,0.01,10
292,1,0.3188206112025349,0.01,10
364,1,0.3123956968732592,0.01,10
453,1,0.3081975681553548,0.01,10
563,1,0.30336360407109764,0.01,10
700,1,0.2994216070088578,0.01,10
871,1,0.2954843712886458,0.01,10
1084,1,0.2912182284202784,0.01,10
1349,1,0.2859513492194503,0.01,10
1678,1,0.2805814386289423,0.01,10
2087,1,0.27533291773436086,0.01,10
2597,1,0.26857612523831137,0.01,10
3231,1,0.26173425507642945,0.01,10
4019,1,0.2545405267429105,0.01,10
5000,1,0.24722348670004357,0.01,10
1,0,0.05882752891555952,0.01,11
2,0,0.10681716658149272,0.01,11
3,0.028169014084507043,0.14587744019966642,0.01,11
4,0.056338028169014086,0.17780308845167728,0.01,11
5,0.056338028169014086,0.20586958549324585,0.01,11
6,0.09859154929577464,0.22963930729892615,0.01,11
7,0.1267605633802817,0.24998830783686055,0.01,11
9,0.2535211267605634,0.28230911525012636,0.01,11
11,0.5492957746478874,0.3070894891536091,0.01,11
14,0.7464788732394366,0.33703793006936167,0.01,11
17,0.9295774647887324,0.3557118496446062,0.01,11
21,0.9436619718309859,0.3709417357323037,0.01,11
26,0.9859154929577465,0.3807331260325353,0.01,11
33,1,0.38801245071079377,0.01,11
41,1,0.3887994648168134,0.01,11
51,1,0.3848715383904648,0.01,11
63,1,0.3790267096842023,0.01,11
79,1,0.36852997474930305,0.01,11
98,1,0.35909786735744853,0.01,11
122,1,0.349038257439827,0.01,11
152,1,0.3400439998225672,0.01,11
189,1,0.32919586933162226,0.01,11
235,1,0.3208679954474317,0.01,11
292,1,0.31488384453149526,0.01,11
364,1,0.3108340013128128,0.01,11
453,1,0.3063785092159975,0.01,11
563,1,0.3031670329296813,0.01,11
700,1,0.2981373574781797,0.01,11
871,1,0.2938114366814438,0.01,11
1084,1,0.2896186776810248,0.01,11
1349,1,0.2844878793809751,0.01,11
1678,1,0.27908062503889397,0.01,11
2087,1,0.2731533447150616,0.01,11
2597,1,0.26714726528082,0.01,11
3231,1,0.2604274738881717,0.01,11
4019,1,0.2535426408071527,0.01,11
5000,1,0.24614383583116,0.01,11
1,0,0.058730854884568605,0.01,12
2,0,0.10610436264612971,0.01,12
3,0,0.14563701521268757,0.01,12
4,0,0.17890165327045704,0.01,12
5,0.014084507042253521,0.2064708276054013,0.01,12
6,0.09859154929577464,0.2297899236602799,0.01,12
7,0.11267605633802817,0.24992817549681998,0.01,12
9,0.3380281690140845,0.2835181143727401,0.01,12
11,0.49295774647887325,0.3080912232394529,0.01,12
14,0.7605633802816901,0.33432088497377893,0.01,12
17,0.9436619718309859,0.35086353442239626,0.01,12
21,0.9577464788732394,0.36931088003764007,0.01,12
26,0.9859154929577465,0.38322431290622866,0.01,12
33,1,0.39160702011285287,0.01,12
41,1,0.3949934000693049,0.01,12
51,1,0.3897346777599585,0.01,12
63,1,0.3871452625626507,0.01,12
79,1,0.3787534563414491,0.01,12
98,1,0.3661110895936541,0.01,12
122,1,0.35605851928254556,0.01,12
152,1,0.34448420497074184,0.01,12
189,1,0.3350975325236315,0.01,12
235,1,0.32628365223079636,0.01,12
292,1,0.320500440209366,0.01,12
364,1,0.3155941579471904,0.01,12
453,1,0.3119286535408491,0.01,12
563,1,0.3064848735009805,0.01,12
700,1,0.30145741919106495,0.01,12
871,1,0.29757545128215773,0.01,12
1084,1,0.2935692351804845,0.01,12
1349,1,0.2884730076800495,0.01,12
1678,1,0.28331788627027077,0.01,12
2087,1,0.2775141329690113,0.01,12
2597,1,0.2705624726899337,0.01,12
3231,1,0.26402777769033525,0.01,12
4019,1,0.2566575342205851,0.01,12
5000,1,0.24906157614577987,0.01,12
1,0,0.05863418085357769,0.01,13
2,0,0.10664890690253453,0.01,13
3,0,0.14640835602700258,0.01,13
4,0.04225352112676056,0.1797260478987474,0.01,13
5,0.04225352112676056,0.20768222160254765,0.01,13
6,0.08450704225352113,0.23158950736427258,0.01,13
7,0.11267605633802817,0.2528656495574844,0.01,13
9,0.2676056338028169,0.2839105818672819,0.01,13
11,0.5352112676056338,0.30807277388115484,0.01,13
14,0.7605633802816901,0.33785424573750444,0.01,13
17,0.8591549295774648,0.35477570252310936,0.01,13
21,0.971830985915493,0.3721525500976941,0.01,13
26,1,0.38155075229341173,0.01,13
33,1,0.38713984678139557,0.01,13
41,1,0.3866777276811507,0.01,13
51,1,0.3846826805067412,0.01,13
63,1,0.3793287110012,0.01,13
79,1,0.37195534649470285,0.01,13
98,1,0.36256564488644893,0.01,13
122,1,0.3520337154707489,0.01,13
152,1,0.34619432748646456,0.01,13
189,1,0.336652063712738,0.01,13
235,1,0.3287451528628217,0.01,13
292,1,0.32198415224918464,0.01,13
364,1,0.31498356805229705,0.01,13
453,1,0.3101795415069244,0.01,13
563,1,0.30445842759855934,0.01,13
700,1,0.2987554993626083,0.01,13
871,1,0.29426037617031076,0.01,13
1084,1,0.2902643947012511,0.01,13
1349,1,0.2860411764783364,0.01,13
1678,1,0.28023439912786535,0.01,13
2087,1,0.2739985372592585,0.01,13
2597,1,0.2670628639565388,0.01,13
3231,1,0.26003784109397365,0.01,13
4019,1,0.25289741050604025,0.01,13
5000,1,0.24501562562999438,0.01,13
1,0,0.058537506822586766,0.01,14
2,0,0.10558747039814712,0.01,14
3,0,0.14466307496427677,0.01,14
4,0.056338028169014086,0.17703986143080444,0.01,14
5,0.11267605633802817,0.2052606999786489,0.01,14
6,0.1267605633802817,0.22837468797323326,0.01,14
7,0.2112676056338028,0.2476109514468533,0.01,14
9,0.39436619718309857,0.27862844695864886,0.01,14
11,0.647887323943662,0.3042878856124577,0.01,14
14,0.8450704225352113,0.3320504461582773,0.01,14
17,0.9154929577464789,0.3509426179935511,0.01,14
21,0.9577464788732394,0.367385921623914,0.01,14
26,0.9859154929577465,0.379627313109154,0.01,14
33,0.9859154929577465,0.38537073628995083,0.01,14
41,1,0.3838589053536181,0.01,14
51,1,0.3793941314340985,0.01,14
63,1,0.37649337050004106,0.01,14
79,1,0.367375073026629,0.01,14
98,1,0.35844361942281167,0.01,14
122,1,0.3478235029575978,0.01,14
152,1,0.33901004336561946,0.01,14
189,1,0.3300405502076619,0.01,14
235,1,0.32371436591879615,0.01,14
292,1,0.31678688800707044,0.01,14
364,1,0.31009109739502216,0.01,14
453,1,0.3050004133067983,0.01,14
563,1,0.3012088788164741,0.01,14
700,1,0.2972019802912779,0.01,14
871,1,0.2930503136012344,0.01,14
1084,1,0.288134240585889,0.01,14
1349,1,0.2830727379995149,0.01,14
1678,1,0.2785049895622053,0.01,14
2087,1,0.27318168862196557,0.01,14
2597,1,0.26705212304734083,0.01,14
3231,1,0.2602126186870063,0.01,14
4019,1,0.25349879800170805,0.01,14
5000,1,0.2459926779475436,0.01,14
1,0,0.05873361699973977,0.01,15
2,0,0.10686979406836425,0.01,15
3,0,0.14686053407942537,0.01,15
4,0,0.1797707602649674,0.01,15
5,0.014084507042253521,0.2078968397896434,0.01,15
6,0.07042253521126761,0.23247887418224544,0.01,15
7,0.09859154929577464,0.25253516884577387,0.01,15
9,0.323943661971831,0.28375669419014643,0.01,15
11,0.5211267605633803,0.31035864750542663,0.01,15
14,0.7746478873239436,0.3393579224179467,0.01,15
17,0.9014084507042254,0.3569238752257725,0.01,15
21,0.971830985915493,0.37084180457990074,0.01,15
26,1,0.38523162629741947,0.01,15
33,1,0.39227274346836916,0.01,15
41,1,0.39425725730706107,0.01,15
51,1,0.3941337469693331,0.01,15
63,1,0.38732153870404107,0.01,15
79,1,0.3767474466420839,0.01,15
98,1,0.36379641757297676,0.01,15
122,1,0.35069001017472246,0.01,15
152,1,0.3432162520409272,0.01,15
189,1,0.3329758946570562,0.01,15
235,1,0.32482232037706477,0.01,15
292,1,0.3156132134683566,0.01,15
364,1,0.310434019018476,0.01,15
453,1,0.30810811006078287,0.01,15
563,1,0.3024261426915406,0.01,15
700,1,0.29768837656227565,0.01,15
871,1,0.29516185797129657,0.01,15
1084,1,0.29027212457404594,0.01,15
1349,1,0.2857836506022517,0.01,15
1678,1,0.2807520011715058,0.01,15
2087,1,0.2746971195378468,0.01,15
2597,1,0.2685809641242546,0.01,15
3231,1,0.26178376066844006,0.01,15
4019,1,0.2539886409004034,0.01,15
5000,1,0.2464840677881607,0.01,15
1,0,0.05828615434201038,0.01,16
2,0,0.10676537609225217,0.01,16
3,0.08450704225352113,0.1462980376322064,0.01,16
4,0.16901408450704225,0.17934468363261033,0.01,16
5,0.08450704225352113,0.20709718310035924,0.01,16
6,0.14084507042253522,0.2312146790488655,0.01,16
7,0.29577464788732394,0.2510081633958603,0.01,16
9,0.43661971830985913,0.2846612874055921,0.01,16
11,0.676056338028169,0.3100290088305057,0.01,16
14,0.8169014084507042,0.33597705841794356,0.01,16
17,0.8873239436619719,0.35487149294209747,0.01,16
21,0.9577464788732394,0.36992003947975693,0.01,16
26,1,0.3821669540458521,0.01,16
33,1,0.38996533195848915,0.01,16
41,1,0.391622062848068,0.01,16
51,1,0.38679033301726967,0.01,16
63,1,0.3768300359984448,0.01,16
79,1,0.3725159805368534,0.01,16
98,1,0.36214955259157294,0.01,16
122,1,0.35167596512929267,0.01,16
152,1,0.3416788183808065,0.01,16
189,1,0.3288212831739146,0.01,16
235,1,0.3191906398626275,0.01,16
292,1,0.3107106775446281,0.01,16
364,1,0.3046090831160163,0.01,16
453,1,0.29964058153628875,0.01,16
563,1,0.2964599462352021,0.01,16
700,1,0.2917523123160663,0.01,16
871,1,0.2885453669196987,0.01,16
1084,1,0.28503775256018316,0.01,16
1349,1,0.28109040566443577,0.01,16
1678,1,0.27620250756097076,0.01,16
2087,1,0.2704750306475008,0.01,16
2597,1,0.26449822047031957,0.01,16
3231,1,0.2579741274244819,0.01,16
4019,1,0.25041820355026917,0.01,16
5000,1,0.24306157142154447,0.01,16
1,0,0.05858446278049664,0.01,17
2,0,0.10659826812439643,0.01,17
3,0,0.14612023139538288,0.01,17
4,0.056338028169014086,0.17953280142181816,0.01,17
5,0,0.20806257152261975,0.01,17
6,0.028169014084507043,0.23253075983106758,0.01,17
7,0.11267605633802817,0.25345347610868185,0.01,17
9,0.2112676056338028,0.28758989599872775,0.01,17
11,0.5352112676056338,0.31387772061674063,0.01,17
14,0.7746478873239436,0.34241403175082874,0.01,17
17,0.8732394366197183,0.3599338240222141,0.01,17
21,0.9577464788732394,0.37677988879157026,0.01,17
26,1,0.389016489632689,0.01,17
33,1,0.39770981977293407,0.01,17
41,1,0.3990554258136305,0.01,17
51,1,0.3951265023180369,0.01,17
63,1,0.3886896817542251,0.01,17
79,1,0.3786265322677048,0.01,17
98,1,0.3711931453240329,0.01,17
122,1,0.3595170397851989,0.01,17
152,1,0.34651390889798406,0.01,17
189,1,0.33462877896378407,0.01,17
235,1,0.3264358595127558,0.01,17
292,1,0.32170579789466813,0.01,17
364,1,0.31492013592439383,0.01,17
453,1,0.3087670312312098,0.01,17
563,1,0.3037233047944263,0.01,17
700,1,0.30110303911005,0.01,17
871,1,0.2962972140197168,0.01,17
1084,1,0.2916536266987778,0.01,17
1349,1,0.2863384811021037,0.01,17
1678,1,0.28035194701410204,0.01,17
2087,1,0.2748455762584111,0.01,17
2597,1,0.26890304245774993,0.01,17
3231,1,0.2620535541822623,0.01,17
4019,1,0.254321583841657,0.01,17
5000,1,0.2468828717284508,0.01,17
1,0,0.05839111471851481,0.01,18
2,0,0.10593363953227314,0.01,18
3,0,0.14563308920588972,0.01,18
4,0.014084507042253521,0.17906512601586472,0.01,18
5,0.056338028169014086,0.20634085113823344,0.01,18
6,0.11267605633802817,0.22951979899348726,0.01,18
7,0.23943661971830985,0.24968511536027627,0.01,18
9,0.3380281690140845,0.28351203892994026,0.01,18
11,0.5492957746478874,0.309845042732322,0.01,18
14,0.7746478873239436,0.3371998819525476,0.01,18
17,0.8591549295774648,0.355603096207923,0.01,18
21,0.9295774647887324,0.3712699268176203,0.01,18
26,0.9859154929577465,0.38353019769778796,0.01,18
33,1,0.3892331967534203,0.01,18
41,1,0.3914927981898516,0.01,18
51,1,0.386636293310681,0.01,18
63,1,0.3797637954859301,0.01,18
79,1,0.37075226694224056,0.01,18
98,1,0.3629726058880706,0.01,18
122,1,0.3515423827680596,0.01,18
152,1,0.34224119239921447,0.01,18
189,1,0.3317021761835157,0.01,18
235,1,0.32336960619840815,0.01,18
292,1,0.3185536559064164,0.01,18
364,1,0.31136683208755045,0.01,18
453,1,0.30756503324175316,0.01,18
563,1,0.30271182319489276,0.01,18
700,1,0.2992260513452925,0.01,18
871,1,0.29589834548755944,0.01,18
1084,1,0.2911808042902492,0.01,18
1349,1,0.2859342832088928,0.01,18
1678,1,0.28012434191407376,0.01,18
2087,1,0.27450555350687145,0.01,18
2597,1,0.26809095145864636,0.01,18
3231,1,0.26120744228982734,0.01,18
4019,1,0.25335835752757174,0.01,18
5000,1,0.24617010717098786,0.01,18
1,0,0.05868113681148756,0.01,19
2,0,0.10657943634725964,0.01,19
3,0,0.14544615241251302,0.01,19
4,0.028169014084507043,0.17843393978960062,0.01,19
5,0,0.2067439417743781,0.01,19
6,0.028169014084507043,0.22975589051457634,0.01,19
7,0.14084507042253522,0.2506672271379583,0.01,19
9,0.30985915492957744,0.2835560793125539,0.01,19
11,0.5211267605633803,0.308001325856417,0.01,19
14,0.704225352112676,0.33421902302823814,0.01,19
17,0.9014084507042254,0.3545980204555138,0.01,19
21,0.9859154929577465,0.3705021695370024,0.01,19
26,1,0.3834276122697674,0.01,19
33,1,0.3882422193960525,0.01,19
41,1,0.3870910590307901,0.01,19
51,1,0.38452257455309247,0.01,19
63,1,0.3761077731242982,0.01,19
79,1,0.3665775506140181,0.01,19
98,1,0.35477382497364573,0.01,19
122,1,0.340665910311987,0.01,19
152,1,0.3338388521664481,0.01,19
189,1,0.32637407532259033,0.01,19
235,1,0.31955754594686425,0.01,19
292,1,0.31424608166289425,0.01,19
364,1,0.31058465508034994,0.01,19
453,1,0.3061949270388724,0.01,19
563,1,0.30243615143449565,0.01,19
700,1,0.29905702422102776,0.01,19
871,1,0.2939063529966768,0.01,19
1084,1,0.2888887836442075,0.01,19
1349,1,0.283600361941994,0.01,19
1678,1,0.27813476337882104,0.01,19
2087,1,0.27275040781014004,0.01,19
2597,1,0.2669726085917337,0.01,19
3231,1,0.25986507198023256,0.01,19
4019,1,0.2530224529426853,0.01,19
5000,1,0.24588825147842042,0.01,19
1,0,0.05857617643498314,0.01,20
2,0,0.10653243391384279,0.01,20
3,0,0.1459163822388268,0.01,20
4,0,0.17972976101470783,0.01,20
5,0.014084507042253521,0.20811257676901707,0.01,20
6,0.028169014084507043,0.2325511869496906,0.01,20
7,0.04225352112676056,0.2531586128750004,0.01,20
9,0.22535211267605634,0.2862181197960656,0.01,20
11,0.49295774647887325,0.31159788225004087,0.01,20
14,0.6619718309859155,0.3396423098835435,0.01,20
17,0.8873239436619719,0.3580581616304642,0.01,20
21,0.9859154929577465,0.37355666714179403,0.01,20
26,1,0.38490543380824277,0.01,20
33,1,0.3930414475220312,0.01,20
41,1,0.39429931591595,0.01,20
51,1,0.3927730017586694,0.01,20
63,1,0.38361001771081404,0.01,20
79,1,0.3717036277021575,0.01,20
98,1,0.3634591637328285,0.01,20
122,1,0.3522059135583742,0.01,20
152,1,0.34101671884478446,0.01,20
189,1,0.33394833355080267,0.01,20
235,1,0.32505501611718823,0.01,20
292,1,0.31628347661647277,0.01,20
364,1,0.31111020969703096,0.01,20
453,1,0.3069816007440768,0.01,20
563,1,0.3018199285166664,0.01,20
700,1,0.298117758736966,0.01,20
871,1,0.2928975502990708,0.01,20
1084,1,0.28827505101988415,0.01,20
1349,1,0.28283029356563805,0.01,20
1678,1,0.277538761889775,0.01,20
2087,1,0.27213442417105926,0.01,20
2597,1,0.2659738769904906,0.01,20
3231,1,0.259717632394445,0.01,20
4019,1,0.2518047837179497,0.01,20
5000,1,0.24468352375523295,0.01,20
1,0,1.661239463810529e-4,1,1
2,0,3.304836904212612e-4,1,1
3,0.028169014084507043,4.984718926426708e-4,1,1
4,0.056338028169014086,6.577433859231291e-4,1,1
5,0.028169014084507043,8.278531359441698e-4,1,1
6,0.08450704225352113,9.929459524368187e-4,1,1
7,0.19718309859154928,0.0011497084461975465,1,1
9,0.4084507042253521,0.0014860490600978105,1,1
11,0.49295774647887325,0.0018069273321417486,1,1
14,0.7323943661971831,0.00228939166448672,1,1
17,0.8309859154929577,0.0027927629874676895,1,1
21,0.8873239436619719,0.0034612997208044154,1,1
26,0.971830985915493,0.004241702883461733,1,1
33,1,0.005305169757375544,1,1
41,1,0.00650752098097813,1,1
51,1,0.008002272853927253,1,1
63,1,0.009613202908233203,1,1
79,1,0.012033666263823947,1,1
98,1,0.014746063103608362,1,1
122,1,0.01814973997612567,1,1
152,1,0.02258109813778011,1,1
189,1,0.027403526960301322,1,1
235,1,0.03331961106743163,1,1
292,1,0.04013737219914516,1,1
364,1,0.04794396763234937,1,1
453,1,0.05699691239600213,1,1
563,1,0.06731155246828713,1,1
700,1,0.07805254753599886,1,1
871,1,0.08920765268819647,1,1
1084,1,0.1006878623115608,1,1
1349,1,0.112481330881958,1,1
1678,1,0.1242632355513498,1,1
2087,1,0.13564633654258176,1,1
2597,1,0.1457389276389917,1,1
3231,1,0.15514832510086746,1,1
4019,1,0.1630254229988059,1,1
5000,1,0.169760908189103,1,1
1,0,1.6765325339996743e-4,1,2
2,0,3.3324008178950643e-4,1,2
3,0,5.043181794256026e-4,1,2
4,0,6.763096969455487e-4,1,2
5,0.04225352112676056,8.427974327113171e-4,1,2
6,0.11267605633802817,0.0010040462047465337,1,2
7,0.16901408450704225,0.0011613298724410743,1,2
9,0.38028169014084506,0.0014921573388233362,1,2
11,0.49295774647887325,0.0018153088738705908,1,2
14,0.676056338028169,0.0023241529730566213,1,2
17,0.7887323943661971,0.0028208301533630634,1,2
21,0.9014084507042254,0.0034454892542152,1,2
26,0.971830985915493,0.004213294693469254,1,2
33,0.9859154929577465,0.005376382525274406,1,2
41,1,0.006665772450404925,1,2
51,1,0.008194151822225297,1,2
63,1,0.010049152096860121,1,2
79,1,0.012463497365784754,1,2
98,1,0.015277409130278141,1,2
122,1,0.018973353046035254,1,2
152,1,0.023495019190594324,1,2
189,1,0.028323206355595112,1,2
235,1,0.03395423401023821,1,2
292,1,0.04126731115590508,1,2
364,1,0.0495580659600669,1,2
453,1,0.058330648418345066,1,2
563,1,0.06887570499672699,1,2
700,1,0.07998676281586231,1,2
871,1,0.09170730971896168,1,2
1084,1,0.1035943364387677,1,2
1349,1,0.1154774951295365,1,2
1678,1,0.1269219119707956,1,2
2087,1,0.13820404363275962,1,2
2597,1,0.14829815163595084,1,2
3231,1,0.1572109760721238,1,2
4019,1,0.1653301028468679,1,2
5000,1,0.17173719082126931,1,2
1,0,1.6860411786768633e-4,1,3
2,0,3.3382405500355177e-4,1,3
3,0,5.004534408161643e-4,1,3
4,0,6.672850519945017e-4,1,3
5,0,8.381098219672691e-4,1,3
6,0.028169014084507043,0.0010001246200409038,1,3
7,0.014084507042253521,0.0011759299522254656,1,3
9,0.16901408450704225,0.0014897859178877315,1,3
11,0.30985915492957744,0.0018092163988165542,1,3
14,0.6056338028169014,0.0022987303387158272,1,3
17,0.8028169014084507,0.0027640262591783807,1,3
21,0.8873239436619719,0.003447448929976215,1,3
26,0.971830985915493,0.004207907066193782,1,3
33,1,0.005305925705095518,1,3
41,1,0.00650139232013911,1,3
51,1,0.008096750941239812,1,3
63,1,0.009982887430444974,1,3
79,1,0.012287071910830217,1,3
98,1,0.015240978028962727,1,3
122,1,0.018564853161435278,1,3
152,1,0.022687815427499584,1,3
189,1,0.027609684665333874,1,3
235,1,0.03390362691837085,1,3
292,1,0.04092176309132391,1,3
364,1,0.04914088887924515,1,3
453,1,0.05825528741956265,1,3
563,1,0.06810825021222762,1,3
700,1,0.07899106674503134,1,3
871,1,0.09013346741843206,1,3
1084,1,0.10203858715645824,1,3
1349,1,0.11375464811891764,1,3
1678,1,0.12534048302873263,1,3
2087,1,0.13661056980835978,1,3
2597,1,0.146521719816383,1,3
3231,1,0.15584959071530163,1,3
4019,1,0.16375132149524996,1,3
5000,1,0.17065164984697712,1,3
1,0,1.682237720805988e-4,1,4
2,0,3.370997809027383e-4,1,4
3,0.056338028169014086,4.961982931873143e-4,1,4
4,0.1267605633802817,6.688554907201246e-4,1,4
5,0.16901408450704225,8.351794938053906e-4,1,4
6,0.19718309859154928,0.0010036391891274535,1,4
7,0.29577464788732394,0.0011658782547448543,1,4
9,0.36619718309859156,0.0014773755667069396,1,4
11,0.5070422535211268,0.0017820150087952766,1,4
14,0.6901408450704225,0.002260722538079028,1,4
17,0.8028169014084507,0.0027323055761344583,1,4
21,0.8873239436619719,0.003367012467007425,1,4
26,0.971830985915493,0.004127883102776371,1,4
33,0.9859154929577465,0.005240896474429843,1,4
41,1,0.006422230262329064,1,4
51,1,0.007897339700988215,1,4
63,1,0.009696608393733982,1,4
79,1,0.011952477294917933,1,4
98,1,0.014672455824161362,1,4
122,1,0.018187228071159113,1,4
152,1,0.02245735943660001,1,4
189,1,0.02725667782462525,1,4
235,1,0.03293689869478598,1,4
292,1,0.03982492966886284,1,4
364,1,0.04781097238062918,1,4
453,1,0.05688693369204378,1,4
563,1,0.06739997900996111,1,4
700,1,0.07805166545200633,1,4
871,1,0.08945534886258905,1,4
1084,1,0.10070905092851931,1,4
1349,1,0.11237185974180033,1,4
1678,1,0.12377700698181346,1,4
2087,1,0.13508761428192545,1,4
2597,1,0.14489268471744943,1,4
3231,1,0.15401207530279193,1,4
4019,1,0.1618688981047744,1,4
5000,1,0.16838915676081034,1,4
1,0,1.6831885852737065e-4,1,5
2,0,3.3312745030268355e-4,1,5
3,0.028169014084507043,4.985814844322005e-4,1,5
4,0.014084507042253521,6.731213821861593e-4,1,5
5,0.04225352112676056,8.339438192867406e-4,1,5
6,0.04225352112676056,0.0010060635312093722,1,5
7,0.14084507042253522,0.0011728082143466051,1,5
9,0.22535211267605634,0.0014925700036851962,1,5
11,0.43661971830985913,0.001820451079827191,1,5
14,0.7464788732394366,0.0023148595426804265,1,5
17,0.8732394366197183,0.002808161272166392,1,5
21,0.9577464788732394,0.0034526855559671938,1,5
26,0.9859154929577465,0.004281186101052805,1,5
33,1,0.005374900331906472,1,5
41,1,0.0066717298034234115,1,5
51,1,0.008276073521821371,1,5
63,1,0.010057067626610933,1,5
79,1,0.012553026836276088,1,5
98,1,0.01527311392887,1,5
122,1,0.01871825694735653,1,5
152,1,0.023013889309913632,1,5
189,1,0.028014552358575615,1,5
235,1,0.034131260843627734,1,5
292,1,0.04151959925309341,1,5
364,1,0.049819224884754085,1,5
453,1,0.05893579357208757,1,5
563,1,0.06912190461028717,1,5
700,1,0.08026390712835019,1,5
871,1,0.09230180842465935,1,5
1084,1,0.10467016246385777,1,5
1349,1,0.11686438413646622,1,5
1678,1,0.12934437807100363,1,5
2087,1,0.14064948582894865,1,5
2597,1,0.15138000433776844,1,5
3231,1,0.16067443299158815,1,5
4019,1,0.16907332980271073,1,5
5000,1,0.1760879579672887,1,5
1,0,1.6778795919956095e-4,1,6
2,0,3.337736857309322e-4,1,6
3,0,5.093057263078698e-4,1,6
4,0,6.742652593852924e-4,1,6
5,0,8.391579790597093e-4,1,6
6,0.028169014084507043,9.987544428624174e-4,1,6
7,0.056338028169014086,0.001176011274882691,1,6
9,0.2112676056338028,0.0014960316560304518,1,6
11,0.4225352112676056,0.0018121118546937719,1,6
14,0.676056338028169,0.002326989405134249,1,6
17,0.8309859154929577,0.002831115861219163,1,6
21,0.9014084507042254,0.003450470329944229,1,6
26,0.9436619718309859,0.004259918476895679,1,6
33,0.9859154929577465,0.005345678633941316,1,6
41,1,0.00665436733924923,1,6
51,1,0.008278926219186864,1,6
63,1,0.010239619895835668,1,6
79,1,0.012668258106733433,1,6
98,1,0.015542486431031639,1,6
122,1,0.019001581864483807,1,6
152,1,0.023010271307514013,1,6
189,1,0.02805017799419745,1,6
235,1,0.0339800188915496,1,6
292,1,0.040907335201856895,1,6
364,1,0.04900239448549585,1,6
453,1,0.058485200504531626,1,6
563,1,0.06859709475187356,1,6
700,1,0.07920758382029124,1,6
871,1,0.09080730657974613,1,6
1084,1,0.10275132995903176,1,6
1349,1,0.11485229514946983,1,6
1678,1,0.12701579437938637,1,6
2087,1,0.13832451827953526,1,6
2597,1,0.14895026119048588,1,6
3231,1,0.1583584665877974,1,6
4019,1,0.1661081086121854,1,6
5000,1,0.1727618848119692,1,6
1,0,1.675106237298096e-4,1,7
2,0,3.330795288998286e-4,1,7
3,0,5.011789158328524e-4,1,7
4,0.028169014084507043,6.597093754132813e-4,1,7
5,0.1267605633802817,8.283659621112684e-4,1,7
6,0.23943661971830985,9.930246164617934e-4,1,7
7,0.22535211267605634,0.0011614794272838667,1,7
9,0.3380281690140845,0.0014877865649433873,1,7
11,0.4788732394366197,0.0018284715270440945,1,7
14,0.6619718309859155,0.002349900564592755,1,7
17,0.8169014084507042,0.0028315858453544897,1,7
21,0.9436619718309859,0.003463273092660566,1,7
26,0.971830985915493,0.004244442760750905,1,7
33,0.9859154929577465,0.005340503935640928,1,7
41,0.9859154929577465,0.0066072618660003146,1,7
51,1,0.008127371987107895,1,7
63,1,0.009970821871142248,1,7
79,1,0.012423555145564171,1,7
98,1,0.015176421509090899,1,7
122,1,0.01871404597718607,1,7
152,1,0.022853655225892097,1,7
189,1,0.027934326170172767,1,7
235,1,0.03380510506823223,1,7
292,1,0.04061872188037785,1,7
364,1,0.04886552798575388,1,7
453,1,0.058169868603125896,1,7
563,1,0.06820359159783457,1,7
700,1,0.07897889042592704,1,7
871,1,0.09067333253148077,1,7
1084,1,0.10248716209822972,1,7
1349,1,0.11483864375249814,1,7
1678,1,0.1268792914222445,1,7
2087,1,0.1379200166403593,1,7
2597,1,0.14805023322883104,1,7
3231,1,0.15781144321364213,1,7
4019,1,0.16592046902477864,1,7
5000,1,0.17294242009865377,1,7
1,0,1.6820792433947012e-4,1,8
2,0,3.39002476868893e-4,1,8
3,0,5.057197651805701e-4,1,8
4,0.04225352112676056,6.694482530798866e-4,1,8
5,0.056338028169014086,8.395149862434677e-4,1,8
6,0.19718309859154928,0.0010036560768264913,1,8
7,0.23943661971830985,0.0011665391542405156,1,8
9,0.5211267605633803,0.0014805120895819187,1,8
11,0.6197183098591549,0.0018186953183396569,1,8
14,0.7746478873239436,0.002301475075533077,1,8
17,0.8591549295774648,0.0027947710802826214,1,8
21,0.9154929577464789,0.0034962806481290067,1,8
26,0.9295774647887324,0.0043053694515309505,1,8
33,0.9859154929577465,0.005366352270605434,1,8
41,1,0.0066535299574270994,1,8
51,1,0.008250776794122769,1,8
63,1,0.0101172464695026,1,8
79,1,0.012574022658780527,1,8
98,1,0.015385588020170784,1,8
122,1,0.01895151404373625,1,8
152,1,0.02306659091173827,1,8
189,1,0.028166025347256554,1,8
235,1,0.033993780915838434,1,8
292,1,0.04110974597034145,1,8
364,1,0.04917509901403298,1,8
453,1,0.058257741424247944,1,8
563,1,0.0683991441010588,1,8
700,1,0.0795178338841413,1,8
871,1,0.09089262250065198,1,8
1084,1,0.10272294535160367,1,8
1349,1,0.11518349258994223,1,8
1678,1,0.12697156915304111,1,8
2087,1,0.13867567204737502,1,8
2597,1,0.14928061441802243,1,8
3231,1,0.15849848008987913,1,8
4019,1,0.1669275058425002,1,8
5000,1,0.1739656220239985,1,8
1,0,1.6877051914953713e-4,1,9
2,0,3.3454440759194955e-4,1,9
3,0,4.973166183997941e-4,1,9
4,0.014084507042253521,6.640121717192676e-4,1,9
5,0.028169014084507043,8.300487609735718e-4,1,9
6,0.056338028169014086,9.983309835345862e-4,1,9
7,0.15492957746478872,0.0011679195110793174,1,9
9,0.4084507042253521,0.0014999606471185855,1,9
11,0.4507042253521127,0.001831388098949028,1,9
14,0.49295774647887325,0.0023495274885172415,1,9
17,0.6619718309859155,0.002810702533740375,1,9
21,0.8732394366197183,0.0034591767283020216,1,9
26,0.971830985915493,0.004315101835591178,1,9
33,1,0.005396316243081746,1,9
41,1,0.00660604243134766,1,9
51,1,0.008094699924005444,1,9
63,1,0.009990449136140243,1,9
79,1,0.012461320506810855,1,9
98,1,0.015246602954361754,1,9
122,1,0.018939542039832745,1,9
152,1,0.023167764906684405,1,9
189,1,0.028237811162650877,1,9
235,1,0.03453519584685834,1,9
292,1,0.04152659731666879,1,9
364,1,0.0494717152707652,1,9
453,1,0.059246906013317224,1,9
563,1,0.06949707142161488,1,9
700,1,0.08069035533809935,1,9
871,1,0.09230710696117836,1,9
1084,1,0.10466084950711355,1,9
1349,1,0.11681790584311921,1,9
1678,1,0.12837333753577335,1,9
2087,1,0.1394900764559017,1,9
2597,1,0.1495100888132507,1,9
3231,1,0.1590125229725152,1,9
4019,1,0.16746120123418667,1,9
5000,1,0.17414496604235194,1,9
1,0,1.688973010785663e-4,1,10
2,0,3.36526614910722e-4,1,10
3,0,5.067867239659647e-4,1,10
4,0,6.816280625383138e-4,1,10
5,0,8.55461703664848e-4,1,10
6,0.028169014084507043,0.0010103628582429948,1,10
7,0.11267605633802817,0.001172533498855831,1,10
9,0.23943661971830985,0.0015057306645505034,1,10
11,0.36619718309859156,0.0018398031517455058,1,10
14,0.4788732394366197,0.002350594331626519,1,10
17,0.6901408450704225,0.0028260514686477547,1,10
21,0.8873239436619719,0.003448270085664483,1,10
26,0.971830985915493,0.0042866010093558105,1,10
33,1,0.005425822118852137,1,10
41,1,0.006690042834810093,1,10
51,1,0.008300062790638017,1,10
63,1,0.010134340602072047,1,10
79,1,0.012682651071706165,1,10
98,1,0.01559652972550108,1,10
122,1,0.019117841343409513,1,10
152,1,0.023080908121649195,1,10
189,1,0.027986611620944242,1,10
235,1,0.03372489158422619,1,10
292,1,0.04091192748812613,1,10
364,1,0.0489060631601208,1,10
453,1,0.058323162294843064,1,10
563,1,0.06853665274556281,1,10
700,1,0.07979513258502485,1,10
871,1,0.09172070165880522,1,10
1084,1,0.10398004178756272,1,10
1349,1,0.11609707611305846,1,10
1678,1,0.12782144017839442,1,10
2087,1,0.13919624486597526,1,10
2597,1,0.14919110507933078,1,10
3231,1,0.1583563107155198,1,10
4019,1,0.16641819961430165,1,10
5000,1,0.17326711651795723,1,10
1,0,1.687625952789728e-4,1,11
2,0,3.3877674563404024e-4,1,11
3,0.028169014084507043,5.03022688385444e-4,1,11
4,0.056338028169014086,6.635707043609622e-4,1,11
5,0.056338028169014086,8.344788369699368e-4,1,11
6,0.07042253521126761,0.00101070457460493,1,11
7,0.09859154929577464,0.001173915777854168,1,11
9,0.2112676056338028,0.0014947764237196407,1,11
11,0.4225352112676056,0.0018090197862320428,1,11
14,0.6901408450704225,0.002335274886276364,1,11
17,0.8591549295774648,0.0028458339210915545,1,11
21,0.9154929577464789,0.0034948512365256773,1,11
26,0.9577464788732394,0.0042665835824887794,1,11
33,1,0.0053425932810297104,1,11
41,1,0.006584529466792764,1,11
51,1,0.00805618917560334,1,11
63,1,0.009833298351051057,1,11
79,1,0.012167337656784287,1,11
98,1,0.014991330700237783,1,11
122,1,0.01837453321106825,1,11
152,1,0.02255696336135747,1,11
189,1,0.027304644342127635,1,11
235,1,0.033136828202111196,1,11
292,1,0.040029839537627634,1,11
364,1,0.04848535029028748,1,11
453,1,0.057755980633999525,1,11
563,1,0.06815487798942657,1,11
700,1,0.07914968859292704,1,11
871,1,0.09082208448360722,1,11
1084,1,0.10305480724914905,1,11
1349,1,0.11510610323978455,1,11
1678,1,0.1267580989567444,1,11
2087,1,0.13776910297775197,1,11
2597,1,0.14821665452409932,1,11
3231,1,0.15743946851396157,1,11
4019,1,0.16563061127184547,1,11
5000,1,0.17242486735878226,1,11
1,0,1.6848525980922146e-4,1,12
2,0,3.341140721188565e-4,1,12
3,0,4.998913534567343e-4,1,12
4,0,6.732589822253462e-4,1,12
5,0.014084507042253521,8.475384030176085e-4,1,12
6,0.09859154929577464,0.0010107487228687875,1,12
7,0.09859154929577464,0.0011765982989902688,1,12
9,0.2535211267605634,0.0014985611895111004,1,12
11,0.4647887323943662,0.0018375381265134266,1,12
14,0.7464788732394366,0.0023444947801593034,1,12
17,0.8309859154929577,0.0028201802017032806,1,12
21,0.9154929577464789,0.0035180805073649624,1,12
26,0.9859154929577465,0.004369709516976431,1,12
33,1,0.005475125039868703,1,12
41,1,0.006795210207165766,1,12
51,1,0.008312899341942492,1,12
63,1,0.010261109480560516,1,12
79,1,0.012727865400071571,1,12
98,1,0.015543252208135763,1,12
122,1,0.019072995082948185,1,12
152,1,0.023191927540595608,1,12
189,1,0.02835237769856051,1,12
235,1,0.03426911242827519,1,12
292,1,0.041482911020982505,1,12
364,1,0.050104354516076796,1,12
453,1,0.059691980195261264,1,12
563,1,0.06992304845941266,1,12
700,1,0.08104306659611754,1,12
871,1,0.09304079406648191,1,12
1084,1,0.10548314845785124,1,12
1349,1,0.11766904976302199,1,12
1678,1,0.12960158574236702,1,12
2087,1,0.14080058132042866,1,12
2597,1,0.15070306484532545,1,12
3231,1,0.16016487884576086,1,12
4019,1,0.16812536091902955,1,12
5000,1,0.1748735558822121,1,12
1,0,1.6820792433947012e-4,1,13
2,0,3.3826061003244606e-4,1,13
3,0,5.047568368703824e-4,1,13
4,0.04225352112676056,6.707659980157637e-4,1,13
5,0.04225352112676056,8.303256085957103e-4,1,13
6,0.08450704225352113,9.995756379903957e-4,1,13
7,0.09859154929577464,0.0011705377161633547,1,13
9,0.22535211267605634,0.0014839472524029113,1,13
11,0.4788732394366197,0.001805921491648519,1,13
14,0.647887323943662,0.0023254758036251296,1,13
17,0.7887323943661971,0.0027919246512828786,1,13
21,0.8732394366197183,0.003457285502003558,1,13
26,0.971830985915493,0.004212076575060864,1,13
33,1,0.005270387858690701,1,13
41,1,0.006514845904712262,1,13
51,1,0.008129483239025456,1,13
63,1,0.009981971207075446,1,13
79,1,0.012431839830033448,1,13
98,1,0.015239285889388544,1,13
122,1,0.018670972390117262,1,13
152,1,0.023090487842797852,1,13
189,1,0.027995989245813688,1,13
235,1,0.034192546506519594,1,13
292,1,0.041203011482652055,1,13
364,1,0.04928300885835549,1,13
453,1,0.058727493778677795,1,13
563,1,0.06864834874272731,1,13
700,1,0.07946137683561177,1,13
871,1,0.09107542333613686,1,13
1084,1,0.10345052603175076,1,13
1349,1,0.11608945199961515,1,13
1678,1,0.12761428045420625,1,13
2087,1,0.13841251384509376,1,13
2597,1,0.1482253328651576,1,13
3231,1,0.15715029916916182,1,13
4019,1,0.1650733377554981,1,13
5000,1,0.17149560492083757,1,13
1,0,1.6793058886971877e-4,1,14
2,0,3.325276451636185e-4,1,14
3,0,5.059692990153394e-4,1,14
4,0.056338028169014086,0.00067728324498903935,1,14
5,0.09859154929577464,8.632548464056115e-4,1,14
6,0.08450704225352113,0.0010184217668771742,1,14
7,0.16901408450704225,0.0011751460180371143,1,14
9,0.352112676056338,0.0014928920250186892,1,14
11,0.43661971830985913,0.0018221063667987238,1,14
14,0.7183098591549296,0.0023034320866996633,1,14
17,0.7746478873239436,0.0027781409782408973,1,14
21,0.9295774647887324,0.00345552773727789,1,14
26,0.9577464788732394,0.004286070453855276,1,14
33,0.971830985915493,0.0053815026580354,1,14
41,1,0.006579610115464624,1,14
51,1,0.008116385881852116,1,14
63,1,0.009986960893718479,1,14
79,1,0.01235262324300855,1,14
98,1,0.015213997781072679,1,14
122,1,0.018660434251317873,1,14
152,1,0.022902853841471657,1,14
189,1,0.02786552376071981,1,14
235,1,0.03386196752067111,1,14
292,1,0.0406923315794131,1,14
364,1,0.048485176082549736,1,14
453,1,0.05760491344260493,1,14
563,1,0.06779369970256821,1,14
700,1,0.07896653802755872,1,14
871,1,0.09092367888814187,1,14
1084,1,0.1027556287685777,1,14
1349,1,0.11467772422164885,1,14
1678,1,0.12672117083735535,1,14
2087,1,0.13795359634666177,1,14
2597,1,0.14827099255030204,1,14
3231,1,0.15732416596234872,1,14
4019,1,0.16567576151830865,1,14
5000,1,0.17241308098501862,1,14
1,0,1.684931836797858e-4,1,15
2,0,3.389046441572599e-4,1,15
3,0,5.089215089587576e-4,1,15
4,0,6.734104936130718e-4,1,15
5,0.014084507042253521,8.429505887372522e-4,1,15
6,0.07042253521126761,0.0010199331368491037,1,15
7,0.08450704225352113,0.0011820537808653656,1,15
9,0.30985915492957744,0.0015036589772305007,1,15
11,0.4507042253521127,0.0018603290776345073,1,15
14,0.6338028169014085,0.0023651976964685906,1,15
17,0.8873239436619719,0.002842214777732574,1,15
21,0.8873239436619719,0.003415907023044733,1,15
26,1,0.004265907422144595,1,15
33,1,0.00539216553359979,1,15
41,1,0.006690213583319935,1,15
51,1,0.00834293226329743,1,15
63,1,0.010260262795130013,1,15
79,1,0.012690033962092465,1,15
98,1,0.015492037831333284,1,15
122,1,0.018706333075915592,1,15
152,1,0.023138303028599677,1,15
189,1,0.027996564702297742,1,15
235,1,0.033939576026291274,1,15
292,1,0.04035143524406766,1,15
364,1,0.048705145220747585,1,15
453,1,0.05835108691306327,1,15
563,1,0.06808614274952826,1,15
700,1,0.07894253669307508,1,15
871,1,0.09143512879897323,1,15
1084,1,0.10325777316100401,1,15
1349,1,0.11554166097015423,1,15
1678,1,0.1276165521170794,1,15
2087,1,0.13863865039842502,1,15
2597,1,0.14903588421442104,1,15
3231,1,0.1582873610372612,1,15
4019,1,0.165891202290305,1,15
5000,1,0.17269332194215212,1,15
1,0,1.672095166483653e-4,1,16
2,0,3.3862474430789986e-4,1,16
3,0.08450704225352113,5.046161161025363e-4,1,16
4,0.16901408450704225,6.742959173662905e-4,1,16
5,0.08450704225352113,8.351896315587381e-4,1,16
6,0.14084507042253522,0.0010021957599933265,1,16
7,0.2676056338028169,0.0011610359603781005,1,16
9,0.36619718309859156,0.0014977061368590496,1,16
11,0.6338028169014085,0.0018310954772395762,1,16
14,0.7746478873239436,0.002298377827568797,1,16
17,0.8028169014084507,0.002798578488191929,1,16
21,0.9295774647887324,0.00342236617022008,1,16
26,1,0.0042376837796798995,1,16
33,1,0.0053530853875434535,1,16
41,1,0.006600121293332531,1,16
51,1,0.008104575096515767,1,16
63,1,0.009821667162781787,1,16
79,1,0.012350791114592773,1,16
98,1,0.01515298239552947,1,16
122,1,0.01855173307861855,1,16
152,1,0.022767647471880613,1,16
189,1,0.02741872562214502,1,16
235,1,0.03301089668056391,1,16
292,1,0.03951666589460483,1,16
364,1,0.04724292963462755,1,16
453,1,0.056086280602516664,1,16
563,1,0.06639599191177226,1,16
700,1,0.0770113239351227,1,16
871,1,0.08891850955403394,1,16
1084,1,0.10114477441228042,1,16
1349,1,0.11335282085088133,1,16
1678,1,0.12510631562476432,1,16
2087,1,0.13612702260078002,1,16
2597,1,0.14639612397122564,1,16
3231,1,0.15565512757617472,1,16
4019,1,0.16320532843169713,1,16
5000,1,0.16994357960085843,1,16
1,0,1.680652946693123e-4,1,17
2,0,3.381022907822487e-4,1,17
3,0,5.064489321373886e-4,1,17
4,0.056338028169014086,6.700247846181394e-4,1,17
5,0,8.435846691000894e-4,1,17
6,0.014084507042253521,0.0010096098845238542,1,17
7,0.056338028169014086,0.0011754658940049641,1,17
9,0.19718309859154928,0.0015104534772496967,1,17
11,0.5070422535211268,0.0018354518722459895,1,17
14,0.7183098591549296,0.0023457067252833992,1,17
17,0.8450704225352113,0.0028223080192427254,1,17
21,0.9436619718309859,0.0034842707811571574,1,17
26,0.9859154929577465,0.004290931677842495,1,17
33,1,0.005464023103051146,1,17
41,1,0.006678458469266395,1,17
51,1,0.008169801203084723,1,17
63,1,0.010005174612248726,1,17
79,1,0.01235166811819996,1,17
98,1,0.015330074347330455,1,17
122,1,0.018924933485556177,1,17
152,1,0.0229388751384646,1,17
189,1,0.027888051506521738,1,17
235,1,0.03385848617747073,1,17
292,1,0.04126903495540214,1,17
364,1,0.049211214097778656,1,17
453,1,0.05826408764131992,1,17
563,1,0.06844536902229187,1,17
700,1,0.08017488147732091,1,17
871,1,0.09180100860399637,1,17
1084,1,0.10424417630968406,1,17
1349,1,0.11616861354046348,1,17
1678,1,0.12761422468538589,1,17
2087,1,0.13898000305328143,1,17
2597,1,0.14949506182470873,1,17
3231,1,0.158675936371078,1,17
4019,1,0.16630530731721643,1,17
5000,1,0.17308643467710486,1,17
1,0,1.675106237298096e-4,1,18
2,0,3.3347025222432676e-4,1,18
3,0,5.023152470754776e-4,1,18
4,0.014084507042253521,0.00067068653299931925,1,18
5,0.056338028169014086,8.275215475193394e-4,1,18
6,0.11267605633802817,9.913034342367761e-4,1,18
7,0.23943661971830985,0.0011588077409185674,1,18
9,0.30985915492957744,0.0015012613993826674,1,18
11,0.4084507042253521,0.0018487711541043772,1,18
14,0.6619718309859155,0.002338172784533311,1,18
17,0.7464788732394366,0.002810379122120676,1,18
21,0.8732394366197183,0.0034525583169629304,1,18
26,0.9859154929577465,0.004264045525965345,1,18
33,1,0.0053525794546548655,1,18
41,1,0.006618747161615876,1,18
51,1,0.008111530580668554,1,18
63,1,0.009859764846291537,1,18
79,1,0.012154652435996843,1,18
98,1,0.015118262063016922,1,18
122,1,0.018486179318886315,1,18
152,1,0.022677045507639215,1,18
189,1,0.027562388027216826,1,18
235,1,0.033414502547651645,1,18
292,1,0.040680935174689556,1,18
364,1,0.0487219221756234,1,18
453,1,0.058091411739768326,1,18
563,1,0.06808026515917802,1,18
700,1,0.07933838224854411,1,18
871,1,0.09137647307758402,1,18
1084,1,0.10347050139659117,1,18
1349,1,0.1153307875799014,1,18
1678,1,0.126991241949021,1,18
2087,1,0.1382904343166357,1,18
2597,1,0.14864638405625746,1,18
3231,1,0.15783326882231832,1,18
4019,1,0.16542601667614362,1,18
5000,1,0.17245046954654628,1,18
1,0,1.6834263013906363e-4,1,19
2,0,3.332145258902921e-4,1,19
3,0,4.968854949379976e-4,1,19
4,0.028169014084507043,6.58972889532646e-4,1,19
5,0,8.268367816619392e-4,1,19
6,0.028169014084507043,9.89043304590505e-4,1,19
7,0.14084507042253522,0.0011553711021940944,1,19
9,0.29577464788732394,0.0014727963581880263,1,19
11,0.4647887323943662,0.0018013537530024814,1,19
14,0.6619718309859155,0.0022881327732916608,1,19
17,0.8169014084507042,0.0027908341444535306,1,19
21,0.9154929577464789,0.0034384730744460423,1,19
26,0.9859154929577465,0.004269633165845459,1,19
33,0.9859154929577465,0.005340984489817419,1,19
41,1,0.006540143306758831,1,19
51,1,0.00813535212460078,1,19
63,1,0.009906243029077206,1,19
79,1,0.01230491857522913,1,19
98,1,0.014976299783249224,1,19
122,1,0.018080697038559346,1,19
152,1,0.02236977976752585,1,19
189,1,0.02737331564453962,1,19
235,1,0.033318033458134326,1,19
292,1,0.04021692322231676,1,19
364,1,0.04864305209968369,1,19
453,1,0.0578701654622045,1,19
563,1,0.06815296040661155,1,19
700,1,0.07950566070539072,1,19
871,1,0.09100910522688165,1,19
1084,1,0.10285731010607904,1,19
1349,1,0.1146986984133086,1,19
1678,1,0.12633713829188012,1,19
2087,1,0.13756251653574536,1,19
2597,1,0.14802231183258674,1,19
3231,1,0.15693800387838294,1,19
4019,1,0.16514360082403212,1,19
5000,1,0.17215445861354053,1,19
1,0,1.680415230576193e-4,1,20
2,0,3.4017459386404903e-4,1,20
3,0,5.056230092032785e-4,1,20
4,0,6.756386992046783e-4,1,20
5,0.014084507042253521,8.389686183042102e-4,1,20
6,0.028169014084507043,0.0010001852842860459,1,20
7,0.04225352112676056,0.0011604265078783253,1,20
9,0.19718309859154928,0.0014932352076703348,1,20
11,0.323943661971831,0.001845502065349998,1,20
14,0.5352112676056338,0.002355447784282975,1,20
17,0.7464788732394366,0.0028274826006943433,1,20
21,0.9154929577464789,0.0034252942226238097,1,20
26,0.971830985915493,0.004236733127917372,1,20
33,1,0.005316787120266849,1,20
41,1,0.006586482313417998,1,20
51,1,0.008175726843052386,1,20
63,1,0.00997205229236162,1,20
79,1,0.012244750858644463,1,20
98,1,0.015158257786222977,1,20
122,1,0.018601082406908484,1,20
152,1,0.022819730077575567,1,20
189,1,0.02801627270100794,1,20
235,1,0.03374286391981715,1,20
292,1,0.04039976893757749,1,20
364,1,0.048636890661385136,1,20
453,1,0.05801385715371149,1,20
563,1,0.06805407116899079,1,20
700,1,0.07929269393372182,1,20
871,1,0.09065454663553543,1,20
1084,1,0.10270360448171237,1,20
1349,1,0.11430232519920996,1,20
1678,1,0.12583688801456885,1,20
2087,1,0.13701806163046573,1,20
2597,1,0.14732863167953053,1,20
3231,1,0.15685965856701328,1,20
4019,1,0.16420404224061275,1,20
5000,1,0.17112952981847862,1,20
