"mu","sigma","item_overlap","class_overlap","add_k","n_preferred","frac_detected","frac_ob_lt_ow","frac_ow_lt_ob","mean_ob_nobs","mean_ow_nobs","sd_ob_nobs","sd_ow_nobs","n_both","mean_log_ratio","sd_log_ratio","n_ob_lt_ow"
10,0.5,0.5,0.2,0.001,50,1,0,1,27.52,1,6.52230083354527,0,50,NA,NA,0
10,0.5,0.5,0.2,0.01,50,1,0,1,27.52,1,6.52230083354527,0,50,NA,NA,0
10,0.5,0.5,0.2,0.1,50,1,0,1,27.26,4,6.43590058395331,0,50,NA,NA,0
10,0.5,0.5,0.2,0.5,50,1,0.02,0.44,28.56,23,6.75567788408161,0,50,0.42744401482694,NA,1
10,0.5,0.5,0.2,1,50,1,1,0,30.64,88,6.72418722802623,0,50,1.08157664532942,0.239794751751297,50
10,0.5,0.5,0.3,0.001,50,1,0,1,45.66,1,10.5726061120237,0,50,NA,NA,0
10,0.5,0.5,0.3,0.01,50,1,0,1,45.66,1,10.5726061120237,0,50,NA,NA,0
10,0.5,0.5,0.3,0.1,50,1,0,1,45.24,4,10.5299572648705,0,50,NA,NA,0
10,0.5,0.5,0.3,0.5,50,1,0,1,49.44,23,10.1823376490863,0,50,NA,NA,0
10,0.5,0.5,0.3,1,50,1,1,0,50.7,88,9.72111104761179,0,50,0.572145245457188,0.21272213351693,50
10,0.5,0.5,0.4,0.001,50,1,0,1,113.42,1,30.3436709602998,0,50,NA,NA,0
10,0.5,0.5,0.4,0.01,50,1,0,1,111.86,1,26.6955702203147,0,50,NA,NA,0
10,0.5,0.5,0.4,0.1,50,1,0,1,110.84,4,26.6116132390292,0,50,NA,NA,0
10,0.5,0.5,0.4,0.5,50,1,0,1,113.02,23,29.4725676672047,0,50,NA,NA,0
10,0.5,0.5,0.4,1,50,1,0,0.58,119.14,88,28.9207290957294,0,50,NA,NA,0
10,0.5,0.6,0.2,0.001,50,1,0,1,22.4,1,3.95897327444315,0,50,NA,NA,0
10,0.5,0.6,0.2,0.01,50,1,0,1,22.4,1,3.95897327444315,0,50,NA,NA,0
10,0.5,0.6,0.2,0.1,50,1,0,1,22.4,4,3.95897327444315,0,50,NA,NA,0
10,0.5,0.6,0.2,0.5,50,1,0.16,0.04,22.24,23,4.09359878595939,0,50,0.42744401482694,0,8
10,0.5,0.6,0.2,1,50,1,1,0,22.92,88,4.78876235555276,0,50,1.36584278282267,0.204693043778931,50
10,0.5,0.6,0.3,0.001,50,1,0,1,30.12,1,6.7932739845064,0,50,NA,NA,0
10,0.5,0.6,0.3,0.01,50,1,0,1,30.12,1,6.7932739845064,0,50,NA,NA,0
10,0.5,0.6,0.3,0.1,50,1,0,1,30.38,4,6.76391988752809,0,50,NA,NA,0
10,0.5,0.6,0.3,0.5,50,1,0.02,0.66,31.42,23,6.54057976585175,0,50,0.42744401482694,NA,1
10,0.5,0.6,0.3,1,50,1,1,0,34.76,88,7.87545917028697,0,50,0.955439266610782,0.239723685426754,50
10,0.5,0.6,0.4,0.001,50,1,0,1,46.5,1,10.6066017177982,0,50,NA,NA,0
10,0.5,0.6,0.4,0.01,50,1,0,1,46.5,1,10.6066017177982,0,50,NA,NA,0
10,0.5,0.6,0.4,0.1,50,1,0,1,46.5,4,10.6066017177982,0,50,NA,NA,0
10,0.5,0.6,0.4,0.5,50,1,0,1,49.44,23,10.1823376490863,0,50,NA,NA,0
10,0.5,0.6,0.4,1,50,1,1,0,50.7,88,9.72111104761179,0,50,0.572145245457188,0.21272213351693,50
10,0.5,0.7,0.2,0.001,50,1,0,1,19.16,1,4.03737639603559,0,50,NA,NA,0
10,0.5,0.7,0.2,0.01,50,1,0,1,19.16,1,4.03737639603559,0,50,NA,NA,0
10,0.5,0.7,0.2,0.1,50,1,0,1,19.16,4,4.03737639603559,0,50,NA,NA,0
10,0.5,0.7,0.2,0.5,50,1,0.5,0,19,23,4.04061017820884,0,50,0.42744401482694,0,25
10,0.5,0.7,0.2,1,50,1,1,0,19.64,88,3.98855505522632,0,50,1.52136908477637,0.213110498270528,50
10,0.5,0.7,0.3,0.001,50,1,0,1,22.98,1,4.10817999327474,0,50,NA,NA,0
10,0.5,0.7,0.3,0.01,50,1,0,1,22.98,1,4.10817999327474,0,50,NA,NA,0
10,0.5,0.7,0.3,0.1,50,1,0,1,23.24,4,4.50197235687213,0,50,NA,NA,0
10,0.5,0.7,0.3,0.5,50,1,0.12,0.08,23.08,23,4.65038949433051,0,50,0.42744401482694,0,6
10,0.5,0.7,0.3,1,50,1,1,0,24.86,88,5.60615550906651,0,50,1.28684478938382,0.212056142678839,50
10,0.5,0.7,0.4,0.001,50,1,0,1,31.48,1,7.32688646739681,0,50,NA,NA,0
10,0.5,0.7,0.4,0.01,50,1,0,1,31.48,1,7.32688646739681,0,50,NA,NA,0
10,0.5,0.7,0.4,0.1,50,1,0,1,31.48,4,7.32688646739681,0,50,NA,NA,0
10,0.5,0.7,0.4,0.5,50,1,0,0.64,31.74,23,7.25008092847161,0,50,NA,NA,0
10,0.5,0.7,0.4,1,50,1,1,0,33.56,88,6.39247006010883,0,50,0.983192668390459,0.203026335787847,50
10,1,0.5,0.2,0.001,50,1,0,1,32.62,1,5.76013747001488,0,50,NA,NA,0
10,1,0.5,0.2,0.01,50,1,0,1,32.62,1,5.76013747001488,0,50,NA,NA,0
10,1,0.5,0.2,0.1,50,1,0,1,33.04,4,6.70047211251657,0,50,NA,NA,0
10,1,0.5,0.2,0.5,50,1,0,0.88,38.22,23,9.83183085489085,0,50,NA,NA,0
10,1,0.5,0.2,1,50,1,1,0,43.88,88,11.1146896731583,0,50,0.727925933171799,0.257493598245681,50
10,1,0.5,0.3,0.001,50,1,0,1,56.1,1,14.6917302852833,0,50,NA,NA,0
10,1,0.5,0.3,0.01,50,1,0,1,56.1,1,14.6917302852833,0,50,NA,NA,0
10,1,0.5,0.3,0.1,50,1,0,1,56.32,4,13.3637340498493,0,50,NA,NA,0
10,1,0.5,0.3,0.5,50,1,0,1,63.58,23,16.5949217705727,0,50,NA,NA,0
10,1,0.5,0.3,1,50,1,0.6,0.02,69.16,88,19.646217894318,0,50,0.4802387795815,0.14021644557842,30
10,1,0.5,0.4,0.001,50,1,0,1,179.74,1,59.9972142210429,0,50,NA,NA,0
10,1,0.5,0.4,0.01,50,1,0,1,184.78,1,62.6588723622943,0,50,NA,NA,0
10,1,0.5,0.4,0.1,50,1,0,1,179.74,4,59.9972142210429,0,50,NA,NA,0
10,1,0.5,0.4,0.5,50,1,0,1,227.08,23,100.497505299528,0,50,NA,NA,0
10,1,0.5,0.4,1,50,1,0,0.92,302.5,88,130.688639170217,0,50,NA,NA,0
10,1,0.6,0.2,0.001,50,1,0,1,23.04,1,3.28857018741444,0,50,NA,NA,0
10,1,0.6,0.2,0.01,50,1,0,1,23.04,1,3.28857018741444,0,50,NA,NA,0
10,1,0.6,0.2,0.1,50,1,0,1,23.56,4,4.17064571910462,0,50,NA,NA,0
10,1,0.6,0.2,0.5,50,1,0.02,0.24,25.96,23,5.80977360899331,0,50,0.42744401482694,NA,1
10,1,0.6,0.2,1,50,1,1,0,29.86,88,6.81238368183791,0,50,1.10845812868104,0.242390263448089,50
10,1,0.6,0.3,0.001,50,1,0,1,35.44,1,7.12901515939314,0,50,NA,NA,0
10,1,0.6,0.3,0.01,50,1,0,1,35.44,1,7.12901515939314,0,50,NA,NA,0
10,1,0.6,0.3,0.1,50,1,0,1,36.12,4,7.52855787475061,0,50,NA,NA,0
10,1,0.6,0.3,0.5,50,1,0,0.98,38.26,23,7.22752674551557,0,50,NA,NA,0
10,1,0.6,0.3,1,50,1,0.98,0,43.92,88,12.15014907106,0,50,0.743531654044412,0.236462824084066,49
10,1,0.6,0.4,0.001,50,1,0,1,54.04,1,10.9674099783246,0,50,NA,NA,0
10,1,0.6,0.4,0.01,50,1,0,1,54.04,1,10.9674099783246,0,50,NA,NA,0
10,1,0.6,0.4,0.1,50,1,0,1,56.14,4,9.13618059795051,0,50,NA,NA,0
10,1,0.6,0.4,0.5,50,1,0,1,67.52,23,18.0963859285071,0,50,NA,NA,0
10,1,0.6,0.4,1,50,1,0.4,0.04,77.64,88,19.7202475457411,0,50,0.434285546643656,0,20
10,1,0.7,0.2,0.001,50,1,0,1,21.24,1,3.34761566077184,0,50,NA,NA,0
10,1,0.7,0.2,0.01,50,1,0,1,21.24,1,3.34761566077184,0,50,NA,NA,0
10,1,0.7,0.2,0.1,50,1,0,1,21.24,4,3.34761566077184,0,50,NA,NA,0
10,1,0.7,0.2,0.5,50,1,0.14,0.02,22.14,23,3.4405149116292,0,50,0.42744401482694,0,7
10,1,0.7,0.2,1,50,1,1,0,23.82,88,4.52516771591317,0,50,1.32268676718598,0.176901253652667,50
10,1,0.7,0.3,0.001,50,1,0,1,23.82,1,4.52516771591317,0,50,NA,NA,0
10,1,0.7,0.3,0.01,50,1,0,1,23.82,1,4.52516771591317,0,50,NA,NA,0
10,1,0.7,0.3,0.1,50,1,0,1,24.08,4,4.83963230176906,0,50,NA,NA,0
10,1,0.7,0.3,0.5,50,1,0.06,0.28,26.16,23,6.48187425653653,0,50,0.42744401482694,0,3
10,1,0.7,0.3,1,50,1,1,0,31.42,88,6.54057976585175,0,50,1.0546951619778,0.234041200157461,50
10,1,0.7,0.4,0.001,50,1,0,1,35.02,1,6.41582864039067,0,50,NA,NA,0
10,1,0.7,0.4,0.01,50,1,0,1,35.02,1,6.41582864039067,0,50,NA,NA,0
10,1,0.7,0.4,0.1,50,1,0,1,35.44,4,7.12901515939314,0,50,NA,NA,0
10,1,0.7,0.4,0.5,50,1,0,0.92,38.32,23,8.96123169376776,0,50,NA,NA,0
10,1,0.7,0.4,1,50,1,0.98,0,46.28,88,12.0560595315622,0,50,0.687497238341981,0.230935465699822,49
10,1.5,0.5,0.2,0.001,50,1,0,1,49.64,1,11.6334493103784,0,50,NA,NA,0
10,1.5,0.5,0.2,0.01,50,1,0,1,50.26,1,12.8011638501492,0,50,NA,NA,0
10,1.5,0.5,0.2,0.1,50,1,0,1,53.38,4,15.1224795504938,0,50,NA,NA,0
10,1.5,0.5,0.2,0.5,50,1,0,1,90.88,23,35.319902465948,0,50,NA,NA,0
10,1.5,0.5,0.2,1,50,1,0.02,0.82,155.62,57,79.9203404417582,0,50,0.45953232937844,NA,1
10,1.5,0.5,0.3,0.001,50,1,0,1,97.82,1,35.9499027843481,0,50,NA,NA,0
10,1.5,0.5,0.3,0.01,50,1,0,1,97.4,1,36.5541253709161,0,50,NA,NA,0
10,1.5,0.5,0.3,0.1,50,1,0,1,116.62,4,52.63307333002,0,50,NA,NA,0
10,1.5,0.5,0.3,0.5,50,0.98,0,0.98,309.530612244898,23,294.14261719734,0,49,NA,NA,0
10,1.5,0.5,0.3,1,50,0.94,0,0.94,642.829787234043,57,603.896633796566,0,47,NA,NA,0
10,1.5,0.5,0.4,0.001,50,0.22,0,0.22,522.454545454545,1,342.719816653885,0,11,NA,NA,0
10,1.5,0.5,0.4,0.01,50,0.22,0,0.22,484,1,335.050443963293,0,11,NA,NA,0
10,1.5,0.5,0.4,0.1,50,0.18,0,0.18,440,4,350.313431087077,0,9,NA,NA,0
10,1.5,0.5,0.4,0.5,50,0.08,0,0.08,626.5,23,487.568456731975,0,4,NA,NA,0
10,1.5,0.5,0.4,1,50,0.08,0,0.08,306.25,57,355.736208446652,0,4,NA,NA,0
10,1.5,0.6,0.2,0.001,50,1,0,1,34.92,1,7.53993449871403,0,50,NA,NA,0
10,1.5,0.6,0.2,0.01,50,1,0,1,34.92,1,7.53993449871403,0,50,NA,NA,0
10,1.5,0.6,0.2,0.1,50,1,0,1,36.96,4,8.5879840118479,0,50,NA,NA,0
10,1.5,0.6,0.2,0.5,50,1,0,0.96,50.98,23,15.5451810237522,0,50,NA,NA,0
10,1.5,0.6,0.2,1,50,1,0.16,0.38,69.24,57,27.8711027292954,0,50,0.51553541969431,0.158400659719017,8
10,1.5,0.6,0.3,0.001,50,1,0,1,51.1,1,12.5181500882779,0,50,NA,NA,0
10,1.5,0.6,0.3,0.01,50,1,0,1,51.1,1,12.5181500882779,0,50,NA,NA,0
10,1.5,0.6,0.3,0.1,50,1,0,1,53.18,4,14.0910885140291,0,50,NA,NA,0
10,1.5,0.6,0.3,0.5,50,1,0,1,89.18,23,36.4017772609402,0,50,NA,NA,0
10,1.5,0.6,0.3,1,50,1,0.04,0.86,145.82,57,69.3726082507369,0,50,0.45953232937844,0,2
10,1.5,0.6,0.4,0.001,50,1,0,1,102.48,1,36.9501815742135,0,50,NA,NA,0
10,1.5,0.6,0.4,0.01,50,1,0,1,105.46,1,40.9938820721695,0,50,NA,NA,0
10,1.5,0.6,0.4,0.1,50,1,0,1,117.52,4,39.6779072851708,0,50,NA,NA,0
10,1.5,0.6,0.4,0.5,50,0.98,0,0.98,377.367346938775,23,699.804338543923,0,49,NA,NA,0
10,1.5,0.6,0.4,1,50,0.96,0.02,0.88,867.333333333333,57,1205.05058308829,0,48,0.45953232937844,NA,1
10,1.5,0.7,0.2,0.001,50,1,0,1,25.8,1,6,0,50,NA,NA,0
10,1.5,0.7,0.2,0.01,50,1,0,1,25.8,1,6,0,50,NA,NA,0
10,1.5,0.7,0.2,0.1,50,1,0,1,26.58,4,6.42409367863177,0,50,NA,NA,0
10,1.5,0.7,0.2,0.5,50,1,0.02,0.82,37.7,23,11.1194809745265,0,50,0.42744401482694,NA,1
10,1.5,0.7,0.2,1,50,1,0.48,0.08,48.72,57,16.3120588923079,0,50,0.514677890206809,0.19717426335512,24
10,1.5,0.7,0.3,0.001,50,1,0,1,35.6,1,7.96420563700935,0,50,NA,NA,0
10,1.5,0.7,0.3,0.01,50,1,0,1,35.18,1,7.34205109528082,0,50,NA,NA,0
10,1.5,0.7,0.3,0.1,50,1,0,1,37.7,4,10.2782711164309,0,50,NA,NA,0
10,1.5,0.7,0.3,0.5,50,1,0,0.96,57.02,23,17.711393773155,0,50,NA,NA,0
10,1.5,0.7,0.3,1,50,1,0.12,0.54,75.8,57,28.9848658609901,0,50,0.608873903554094,0.231358971871482,6
10,1.5,0.7,0.4,0.001,50,1,0,1,52.8,1,17.2176937942291,0,50,NA,NA,0
10,1.5,0.7,0.4,0.01,50,1,0,1,52.8,1,17.2176937942291,0,50,NA,NA,0
10,1.5,0.7,0.4,0.1,50,1,0,1,57.24,4,21.7317223224953,0,50,NA,NA,0
10,1.5,0.7,0.4,0.5,50,1,0,1,100.96,23,42.7016034684356,0,50,NA,NA,0
10,1.5,0.7,0.4,1,50,1,0.04,0.88,160.78,57,73.4892162018291,0,50,0.45953232937844,0,2
30,0.5,0.5,0.2,0.001,50,1,0,1,12.36,1,3.1864509077899,0,50,NA,NA,0
30,0.5,0.5,0.2,0.01,50,1,0,1,12.36,1,3.1864509077899,0,50,NA,NA,0
30,0.5,0.5,0.2,0.1,50,1,0,1,12.36,4,3.1864509077899,0,50,NA,NA,0
30,0.5,0.5,0.2,0.5,50,1,1,0,12.36,23,3.1864509077899,0,50,0.658209381132982,0.284800618992291,50
30,0.5,0.5,0.2,1,50,1,1,0,12.6,88,3.14934395500694,0,50,1.9796189547314,0.282236715812013,50
30,0.5,0.5,0.3,0.001,50,1,0,1,18.08,1,4.14453168128111,0,50,NA,NA,0
30,0.5,0.5,0.3,0.01,50,1,0,1,18.08,1,4.14453168128111,0,50,NA,NA,0
30,0.5,0.5,0.3,0.1,50,1,0,1,18.08,4,4.14453168128111,0,50,NA,NA,0
30,0.5,0.5,0.3,0.5,50,1,0.46,0,19.2,23,4.24264068711928,0,50,0.449653824555896,0.106514505624905,23
30,0.5,0.5,0.3,1,50,1,1,0,20.6,88,3.70328039909021,0,50,1.47007580299714,0.197868130227129,50
30,0.5,0.5,0.4,0.001,50,1,0,1,33.04,1,7.93072042948257,0,50,NA,NA,0
30,0.5,0.5,0.4,0.01,50,1,0,1,33.2,1,8.73416935293301,0,50,NA,NA,0
30,0.5,0.5,0.4,0.1,50,1,0,1,32.26,4,8.24078954014104,0,50,NA,NA,0
30,0.5,0.5,0.4,0.5,50,1,0.02,0.82,37.7,23,11.1194809745265,0,50,0.42744401482694,NA,1
30,0.5,0.5,0.4,1,50,1,0.98,0,45.6,88,13.0993067272545,0,50,0.714507308951794,0.290023315397381,49
30,0.5,0.6,0.2,0.001,50,1,0,1,9.74,1,2.89834576323552,0,50,NA,NA,0
30,0.5,0.6,0.2,0.01,50,1,0,1,9.74,1,2.89834576323552,0,50,NA,NA,0
30,0.5,0.6,0.2,0.1,50,1,0,0.98,9.74,4,2.89834576323552,0,50,NA,NA,0
30,0.5,0.6,0.2,0.5,50,1,1,0,9.62,23,2.79861481771951,0,50,0.911195443612358,0.284133279243249,50
30,0.5,0.6,0.2,1,50,1,1,0,9.62,88,2.79861481771951,0,50,2.25303804216142,0.284133279243249,50
30,0.5,0.6,0.3,0.001,50,1,0,1,13.14,1,3.0839280544296,0,50,NA,NA,0
30,0.5,0.6,0.3,0.01,50,1,0,1,13.14,1,3.0839280544296,0,50,NA,NA,0
30,0.5,0.6,0.3,0.1,50,1,0,1,13.14,4,3.0839280544296,0,50,NA,NA,0
30,0.5,0.6,0.3,0.5,50,1,1,0,13.14,23,3.0839280544296,0,50,0.594803095967907,0.285309857008096,50
30,0.5,0.6,0.3,1,50,1,1,0,13.42,88,3.32639413767877,0,50,1.91788030174511,0.293010359556678,50
30,0.5,0.6,0.4,0.001,50,1,0,1,18.36,1,3.98855505522632,0,50,NA,NA,0
30,0.5,0.6,0.4,0.01,50,1,0,1,18.36,1,3.98855505522632,0,50,NA,NA,0
30,0.5,0.6,0.4,0.1,50,1,0,1,18.36,4,3.98855505522632,0,50,NA,NA,0
30,0.5,0.6,0.4,0.5,50,1,0.52,0,18.84,23,4.03737639603559,0,50,0.42744401482694,0,26
30,0.5,0.6,0.4,1,50,1,1,0,20.7,88,4.35304256719788,0,50,1.46966418884314,0.21698971938931,50
30,0.5,0.7,0.2,0.001,50,1,0,1,7.54,1,1.64391270437084,0,50,NA,NA,0
30,0.5,0.7,0.2,0.01,50,1,0,1,7.54,1,1.64391270437084,0,50,NA,NA,0
30,0.5,0.7,0.2,0.1,50,1,0,0.96,7.54,4,1.64391270437084,0,50,NA,NA,0
30,0.5,0.7,0.2,0.5,50,1,1,0,7.66,23,1.94422220952236,0,50,1.13078568017169,0.254569591445188,50
30,0.5,0.7,0.2,1,50,1,1,0,7.78,88,1.93031667064749,0,50,2.45640967439642,0.253375427423793,50
30,0.5,0.7,0.3,0.001,50,1,0,1,8.94,1,1.86711607806788,0,50,NA,NA,0
30,0.5,0.7,0.3,0.01,50,1,0,1,8.94,1,1.86711607806788,0,50,NA,NA,0
30,0.5,0.7,0.3,0.1,50,1,0,1,8.94,4,1.86711607806788,0,50,NA,NA,0
30,0.5,0.7,0.3,0.5,50,1,1,0,8.94,23,1.86711607806788,0,50,0.964385216302114,0.196891193457026,50
30,0.5,0.7,0.3,1,50,1,1,0,9.42,88,2.49971426938589,0,50,2.26536176494989,0.246051868641182,50
30,0.5,0.7,0.4,0.001,50,1,0,1,13.68,1,2.51071174557888,0,50,NA,NA,0
30,0.5,0.7,0.4,0.01,50,1,0,1,13.68,1,2.51071174557888,0,50,NA,NA,0
30,0.5,0.7,0.4,0.1,50,1,0,1,13.68,4,2.51071174557888,0,50,NA,NA,0
30,0.5,0.7,0.4,0.5,50,1,1,0,13.8,23,2.42436610692531,0,50,0.529609139580138,0.206404721467874,50
30,0.5,0.7,0.4,1,50,1,1,0,14.16,88,2.10305899652319,0,50,1.84080220070324,0.179049403952607,50
30,1,0.5,0.2,0.001,50,1,0,1,13.98,1,2.39463686480554,0,50,NA,NA,0
30,1,0.5,0.2,0.01,50,1,0,1,13.98,1,2.39463686480554,0,50,NA,NA,0
30,1,0.5,0.2,0.1,50,1,0,1,13.98,4,2.39463686480554,0,50,NA,NA,0
30,1,0.5,0.2,0.5,50,1,0.94,0,14.58,23,3.13042997633467,0,50,0.512151344070984,0.212029788011536,47
30,1,0.5,0.2,1,50,1,1,0,16.26,57,4.31802108869896,0,50,1.29160636771264,0.285060165918766,50
30,1,0.5,0.3,0.001,50,1,0,1,20.22,1,4.51433092201595,0,50,NA,NA,0
30,1,0.5,0.3,0.01,50,1,0,1,20.22,1,4.51433092201595,0,50,NA,NA,0
30,1,0.5,0.3,0.1,50,1,0,1,19.74,4,4.61943542800085,0,50,NA,NA,0
30,1,0.5,0.3,0.5,50,1,0.2,0.16,23.48,23,6.35751202780407,0,50,0.42744401482694,0,10
30,1,0.5,0.3,1,50,1,1,0,28.92,57,7.04458106979965,0,50,0.709602945685537,0.256489368481032,50
30,1,0.5,0.4,0.001,50,1,0,1,45.64,1,13.3244596321876,0,50,NA,NA,0
30,1,0.5,0.4,0.01,50,1,0,1,45.38,1,13.6395134271943,0,50,NA,NA,0
30,1,0.5,0.4,0.1,50,1,0,1,48.78,4,14.3488462168602,0,50,NA,NA,0
30,1,0.5,0.4,0.5,50,1,0,0.98,59.76,23,20.2621190744639,0,50,NA,NA,0
30,1,0.5,0.4,1,50,1,0.14,0.58,79.18,57,30.8714847622943,0,50,0.45953232937844,0,7
30,1,0.6,0.2,0.001,50,1,0,1,11.88,1,3.37239695535531,0,50,NA,NA,0
30,1,0.6,0.2,0.01,50,1,0,1,11.88,1,3.37239695535531,0,50,NA,NA,0
30,1,0.6,0.2,0.1,50,1,0,1,11.88,4,3.37239695535531,0,50,NA,NA,0
30,1,0.6,0.2,0.5,50,1,1,0,12.12,23,3.37239695535531,0,50,0.684644497932629,0.311275228234526,50
30,1,0.6,0.2,1,50,1,1,0,12.94,57,3.49582841777605,0,50,1.52446080500273,0.305056847530443,50
30,1,0.6,0.3,0.001,50,1,0,1,14.04,1,2.22196823945412,0,50,NA,NA,0
30,1,0.6,0.3,0.01,50,1,0,1,14.04,1,2.22196823945412,0,50,NA,NA,0
30,1,0.6,0.3,0.1,50,1,0,1,14.04,4,2.22196823945412,0,50,NA,NA,0
30,1,0.6,0.3,0.5,50,1,0.94,0,14.64,23,2.98813982133312,0,50,0.503524426877194,0.183833156733856,47
30,1,0.6,0.3,1,50,1,1,0,16.48,57,4.29161498548897,0,50,1.27494818525393,0.267246186140842,50
30,1,0.6,0.4,0.001,50,1,0,1,19.74,1,4.61943542800085,0,50,NA,NA,0
30,1,0.6,0.4,0.01,50,1,0,1,19.74,1,4.61943542800085,0,50,NA,NA,0
30,1,0.6,0.4,0.1,50,1,0,1,19.9,4,4.59036257515989,0,50,NA,NA,0
30,1,0.6,0.4,0.5,50,1,0.16,0.18,24.06,23,6.35163485302189,0,50,0.42744401482694,0,8
30,1,0.6,0.4,1,50,1,1,0,27.56,57,7.27915671276416,0,50,0.762542684080771,0.274564524938253,50
30,1,0.7,0.2,0.001,50,1,0,1,9.36,1,2.3190427300232,0,50,NA,NA,0
30,1,0.7,0.2,0.01,50,1,0,1,9.36,1,2.3190427300232,0,50,NA,NA,0
30,1,0.7,0.2,0.1,50,1,0,1,9.36,4,2.3190427300232,0,50,NA,NA,0
30,1,0.7,0.2,0.5,50,1,1,0,9.6,23,2.57142857142857,0,50,0.905193351763351,0.248228508493015,50
30,1,0.7,0.2,1,50,1,1,0,10.5,57,3.10529501704059,0,50,1.73312551417935,0.289301561496115,50
30,1,0.7,0.3,0.001,50,1,0,1,11.48,1,3.25287941519447,0,50,NA,NA,0
30,1,0.7,0.3,0.01,50,1,0,1,11.48,1,3.25287941519447,0,50,NA,NA,0
30,1,0.7,0.3,0.1,50,1,0,0.98,11.48,4,3.25287941519447,0,50,NA,NA,0
30,1,0.7,0.3,0.5,50,1,1,0,11.96,23,3.29477012917163,0,50,0.696968220721105,0.309548859399199,50
30,1,0.7,0.3,1,50,1,1,0,12.8,57,3.1943828249997,0,50,1.53300968529927,0.304403023093191,50
30,1,0.7,0.4,0.001,50,1,0,1,14.92,1,1.66402511754983,0,50,NA,NA,0
30,1,0.7,0.4,0.01,50,1,0,1,14.92,1,1.66402511754983,0,50,NA,NA,0
30,1,0.7,0.4,0.1,50,1,0,1,15.08,4,2.01868819801779,0,50,NA,NA,0
30,1,0.7,0.4,0.5,50,1,0.9,0,15.56,23,2.7712812921102,0,50,0.450147375883206,0.106460696828531,45
30,1,0.7,0.4,1,50,1,1,0,17.96,57,4.3187299720437,0,50,1.1844564857522,0.24919747963212,50
30,1.5,0.5,0.2,0.001,50,1,0,1,17.14,1,4.39856191712422,0,50,NA,NA,0
30,1.5,0.5,0.2,0.01,50,1,0,1,17.14,1,4.39856191712422,0,50,NA,NA,0
30,1.5,0.5,0.2,0.1,50,1,0,1,17.62,4,4.57540006057238,0,50,NA,NA,0
30,1.5,0.5,0.2,0.5,50,1,0.16,0.36,26.34,23,9.65234453912835,0,50,0.720369900766227,0.423197966391673,8
30,1.5,0.5,0.2,1,50,1,0.72,0,39.06,57,13.473193339944,0,50,0.645047067732462,0.457224784168098,36
30,1.5,0.5,0.3,0.001,50,1,0,1,26.84,1,6.53830159560585,0,50,NA,NA,0
30,1.5,0.5,0.3,0.01,50,1,0,1,27.1,1,6.6401684266812,0,50,NA,NA,0
30,1.5,0.5,0.3,0.1,50,1,0,1,28.24,4,7.19569032016202,0,50,NA,NA,0
30,1.5,0.5,0.3,0.5,50,1,0.02,0.9,51.08,23,17.5973560166154,0,50,0.42744401482694,NA,1
30,1.5,0.5,0.3,1,50,1,0.12,0.6,77.92,57,28.2567239604946,0,50,0.534203116466267,0.182905327057178,6
30,1.5,0.5,0.4,0.001,50,1,0,1,86.7,1,38.0001342639948,0,50,NA,NA,0
30,1.5,0.5,0.4,0.01,50,1,0,1,87.52,1,37.9716543043919,0,50,NA,NA,0
30,1.5,0.5,0.4,0.1,50,1,0,1,122.9,4,66.3276499120626,0,50,NA,NA,0
30,1.5,0.5,0.4,0.5,50,0.94,0,0.94,329.212765957447,23,275.823899094601,0,47,NA,NA,0
30,1.5,0.5,0.4,1,50,0.94,0.02,0.88,753.446808510638,57,946.572531236654,0,47,0.45953232937844,NA,1
30,1.5,0.6,0.2,0.001,50,1,0,1,14.58,1,1.71535680824481,0,50,NA,NA,0
30,1.5,0.6,0.2,0.01,50,1,0,1,14.58,1,1.71535680824481,0,50,NA,NA,0
30,1.5,0.6,0.2,0.1,50,1,0,1,14.58,4,1.71535680824481,0,50,NA,NA,0
30,1.5,0.6,0.2,0.5,50,1,0.78,0,16.46,23,3.81837661840736,0,50,0.464036741894636,0.166093620074454,39
30,1.5,0.6,0.2,1,50,1,1,0,21.38,57,6.98654683908251,0,50,1.03621625765267,0.349518751007183,50
30,1.5,0.6,0.3,0.001,50,1,0,1,18.24,1,4.17749070273395,0,50,NA,NA,0
30,1.5,0.6,0.3,0.01,50,1,0,1,18.24,1,4.17749070273395,0,50,NA,NA,0
30,1.5,0.6,0.3,0.1,50,1,0,1,18.82,4,4.85584016144162,0,50,NA,NA,0
30,1.5,0.6,0.3,0.5,50,1,0.18,0.28,25.92,23,9.71184843374319,0,50,0.484202417467605,0.170275207921997,9
30,1.5,0.6,0.3,1,50,1,0.82,0.02,36.36,57,14.2151973864134,0,50,0.655247996896104,0.347209865822861,41
30,1.5,0.6,0.4,0.001,50,1,0,1,28.98,1,7.79976451763848,0,50,NA,NA,0
30,1.5,0.6,0.4,0.01,50,1,0,1,28.56,1,6.75567788408161,0,50,NA,NA,0
30,1.5,0.6,0.4,0.1,50,1,0,1,31.32,4,7.59817378703325,0,50,NA,NA,0
30,1.5,0.6,0.4,0.5,50,1,0,0.9,52.88,23,20.3014425947658,0,50,NA,NA,0
30,1.5,0.6,0.4,1,50,1,0.14,0.6,83.64,57,39.1448174691603,0,50,0.651542924747137,0.239479287500049,7
30,1.5,0.7,0.2,0.001,50,1,0,1,12.96,1,2.87110872419044,0,50,NA,NA,0
30,1.5,0.7,0.2,0.01,50,1,0,1,12.96,1,2.87110872419044,0,50,NA,NA,0
30,1.5,0.7,0.2,0.1,50,1,0,1,12.96,4,2.87110872419044,0,50,NA,NA,0
30,1.5,0.7,0.2,0.5,50,1,0.98,0,13.84,23,2.83102346820916,0,50,0.54211915485604,0.215348651297972,49
30,1.5,0.7,0.2,1,50,1,1,0,16.56,57,3.92355523910212,0,50,1.26306404059983,0.235457968734349,50
30,1.5,0.7,0.3,0.001,50,1,0,1,14.22,1,2.16926584025893,0,50,NA,NA,0
30,1.5,0.7,0.3,0.01,50,1,0,1,14.22,1,2.16926584025893,0,50,NA,NA,0
30,1.5,0.7,0.3,0.1,50,1,0,1,14.22,4,2.16926584025893,0,50,NA,NA,0
30,1.5,0.7,0.3,0.5,50,1,0.74,0,16.42,23,4.4174514769288,0,50,0.507433020960402,0.213868148381714,37
30,1.5,0.7,0.3,1,50,1,1,0,21.14,57,7.30392681636224,0,50,1.05664928260331,0.380588225289332,50
30,1.5,0.7,0.4,0.001,50,1,0,1,17.66,1,4.33123444721418,0,50,NA,NA,0
30,1.5,0.7,0.4,0.01,50,1,0,1,17.82,1,4.37847238293943,0,50,NA,NA,0
30,1.5,0.7,0.4,0.1,50,1,0,0.98,18.46,4,4.50491794756416,0,50,NA,NA,0
30,1.5,0.7,0.4,0.5,50,1,0.22,0.26,24.4,23,7.95394908975717,0,50,0.547603636643514,0.398524380516581,11
30,1.5,0.7,0.4,1,50,1,0.74,0.02,37.74,57,15.3925638023093,0,50,0.699435950995753,0.422925849547548,37
60,0.5,0.5,0.2,0.001,50,1,0,1,9.56,1,2.84396963157241,0,50,NA,NA,0
60,0.5,0.5,0.2,0.01,50,1,0,1,9.56,1,2.84396963157241,0,50,NA,NA,0
60,0.5,0.5,0.2,0.1,50,1,0,0.98,9.56,4,2.84396963157241,0,50,NA,NA,0
60,0.5,0.5,0.2,0.5,50,1,1,0,9.8,23,3.03718451792419,0,50,0.898871720823882,0.306433822580815,50
60,0.5,0.5,0.2,1,50,1,1,0,10.4,73.12,3.39867921524866,15.6448335346379,50,1.98117469460738,0.378897037520614,50
60,0.5,0.5,0.3,0.001,50,1,0,1,13.98,1,2.39463686480554,0,50,NA,NA,0
60,0.5,0.5,0.3,0.01,50,1,0,1,13.98,1,2.39463686480554,0,50,NA,NA,0
60,0.5,0.5,0.3,0.1,50,1,0,1,13.98,4,2.39463686480554,0,50,NA,NA,0
60,0.5,0.5,0.3,0.5,50,1,0.98,0,14.26,23,2.60932394090336,0,50,0.508693902061023,0.208255149400718,49
60,0.5,0.5,0.3,1,50,1,1,0,15.02,76.84,3.44336095898724,15.0310698629369,50,1.63960779211567,0.336229479545902,50
60,0.5,0.5,0.4,0.001,50,1,0,1,24.42,1,6.18124219732901,0,50,NA,NA,0
60,0.5,0.5,0.4,0.01,50,1,0,1,24.42,1,6.18124219732901,0,50,NA,NA,0
60,0.5,0.5,0.4,0.1,50,1,0,1,24.42,4,6.18124219732901,0,50,NA,NA,0
60,0.5,0.5,0.4,0.5,50,1,0.08,0.48,28.48,23,7.7492330101048,0,50,0.555150420768437,0.255412811882995,4
60,0.5,0.5,0.4,1,50,1,0.98,0,32.08,73.12,7.8761847181415,15.6448335346379,50,0.854991690685774,0.366531925763813,49
60,0.5,0.6,0.2,0.001,50,1,0,1,7.1,1,1.88712068766042,0,50,NA,NA,0
60,0.5,0.6,0.2,0.01,50,1,0,1,7.1,1,1.88712068766042,0,50,NA,NA,0
60,0.5,0.6,0.2,0.1,50,1,0,0.86,7.1,4,1.88712068766042,0,50,NA,NA,0
60,0.5,0.6,0.2,0.5,50,1,1,0,7.1,23,1.88712068766042,0,50,1.21398591210648,0.288922015212988,50
60,0.5,0.6,0.2,1,50,1,1,0,7.22,88,1.90905468646615,0,50,2.53960990633121,0.292614459145637,50
60,0.5,0.6,0.3,0.001,50,1,0,1,9.84,1,2.57428412874535,0,50,NA,NA,0
60,0.5,0.6,0.3,0.01,50,1,0,1,9.84,1,2.57428412874535,0,50,NA,NA,0
60,0.5,0.6,0.3,0.1,50,1,0,1,9.84,4,2.57428412874535,0,50,NA,NA,0
60,0.5,0.6,0.3,0.5,50,1,1,0,9.78,23,2.40992844334449,0,50,0.880865445276862,0.222049191752242,50
60,0.5,0.6,0.3,1,50,1,1,0,10.62,88,2.98219204407682,0,50,2.15119245649868,0.270159916287776,50
60,0.5,0.6,0.4,0.001,50,1,0,1,13.68,1,2.51071174557888,0,50,NA,NA,0
60,0.5,0.6,0.4,0.01,50,1,0,1,13.68,1,2.51071174557888,0,50,NA,NA,0
60,0.5,0.6,0.4,0.1,50,1,0,1,13.68,4,2.51071174557888,0,50,NA,NA,0
60,0.5,0.6,0.4,0.5,50,1,0.96,0,14,23,3.11022015101103,0,50,0.544508220273312,0.216970320718143,48
60,0.5,0.6,0.4,1,50,1,1,0,14.92,88,4.05995878133294,0,50,1.81160957605342,0.278436788750286,50
60,0.5,0.7,0.2,0.001,50,1,0,1,5.32,1,0.957036241396813,0,50,NA,NA,0
60,0.5,0.7,0.2,0.01,50,1,0,1,5.32,1,0.957036241396813,0,50,NA,NA,0
60,0.5,0.7,0.2,0.1,50,1,0,0.66,5.32,4,0.957036241396813,0,50,NA,NA,0
60,0.5,0.7,0.2,0.5,50,1,1,0,5.38,23,1.08590223937028,0,50,1.47348358129571,0.207880321051535,50
60,0.5,0.7,0.2,1,50,1,1,0,5.56,88,1.38740691910617,0,50,2.79099827335827,0.243141112449573,50
60,0.5,0.7,0.3,0.001,50,1,0,1,7.2,1,1.8516401995451,0,50,NA,NA,0
60,0.5,0.7,0.3,0.01,50,1,0,1,7.2,1,1.8516401995451,0,50,NA,NA,0
60,0.5,0.7,0.3,0.1,50,1,0,0.88,7.2,4,1.8516401995451,0,50,NA,NA,0
60,0.5,0.7,0.3,0.5,50,1,1,0,7.2,23,1.8516401995451,0,50,1.19776730778216,0.280914467175899,50
60,0.5,0.7,0.3,1,50,1,1,0,7.32,88,1.86744395867065,0,50,2.52339130200689,0.283766463819263,50
60,0.5,0.7,0.4,0.001,50,1,0,1,9.34,1,2.42108088527856,0,50,NA,NA,0
60,0.5,0.7,0.4,0.01,50,1,0,1,9.34,1,2.42108088527856,0,50,NA,NA,0
60,0.5,0.7,0.4,0.1,50,1,0,0.96,9.34,4,2.42108088527856,0,50,NA,NA,0
60,0.5,0.7,0.4,0.5,50,1,1,0,9.46,23,2.54918954707938,0,50,0.923519166400835,0.271959720779688,50
60,0.5,0.7,0.4,1,50,1,1,0,9.94,88,2.95828135433879,0,50,2.22449571504861,0.303857264194741,50
60,1,0.5,0.2,0.001,50,1,0,1,11.52,1,3.17027005866976,0,50,NA,NA,0
60,1,0.5,0.2,0.01,50,1,0,1,11.52,1,3.17027005866976,0,50,NA,NA,0
60,1,0.5,0.2,0.1,50,1,0,1,11.52,4,3.17027005866976,0,50,NA,NA,0
60,1,0.5,0.2,0.5,50,1,1,0,11.64,23,3.1864509077899,0,50,0.719508455984901,0.283479329001618,50
60,1,0.5,0.2,1,50,1,1,0,12.7,57,3.55280860441311,0,50,1.54489382995337,0.308842836508675,50
60,1,0.5,0.3,0.001,50,1,0,1,14.74,1,2.08796356211853,0,50,NA,NA,0
60,1,0.5,0.3,0.01,50,1,0,1,14.74,1,2.08796356211853,0,50,NA,NA,0
60,1,0.5,0.3,0.1,50,1,0,1,14.74,4,2.08796356211853,0,50,NA,NA,0
60,1,0.5,0.3,0.5,50,1,0.66,0,17.42,23,4.31461682740738,0,50,0.470689964997853,0.180174786701195,33
60,1,0.5,0.3,1,50,1,1,0,20.78,57,5.23056168209534,0,50,1.04474396238643,0.285953069514973,50
60,1,0.5,0.4,0.001,50,1,0,1,31.12,1,9.35826601765214,0,50,NA,NA,0
60,1,0.5,0.4,0.01,50,1,0,1,30.86,1,9.400412496377,0,50,NA,NA,0
60,1,0.5,0.4,0.1,50,1,0,1,33.78,4,10.0352236789079,0,50,NA,NA,0
60,1,0.5,0.4,0.5,50,1,0,0.92,44.82,23,13.3641158269724,0,50,NA,NA,0
60,1,0.5,0.4,1,50,1,0.32,0.2,56.98,57,22.0662176002974,0,50,0.51553541969431,0.153029575788882,16
60,1,0.6,0.2,0.001,50,1,0,1,8.4,1,2.07019667802706,0,50,NA,NA,0
60,1,0.6,0.2,0.01,50,1,0,1,8.4,1,2.07019667802706,0,50,NA,NA,0
60,1,0.6,0.2,0.1,50,1,0,0.94,8.4,4,2.07019667802706,0,50,NA,NA,0
60,1,0.6,0.2,0.5,50,1,1,0,8.46,23,2.29649244523478,0,50,1.03736893576158,0.282432506091941,50
60,1,0.6,0.2,1,50,1,1,0,9.36,57,3.22464995727269,0,50,1.86530109817758,0.351176058612641,50
60,1,0.6,0.3,0.001,50,1,0,1,11.76,1,3.02074460343533,0,50,NA,NA,0
60,1,0.6,0.3,0.01,50,1,0,1,11.76,1,3.02074460343533,0,50,NA,NA,0
60,1,0.6,0.3,0.1,50,1,0,1,11.76,4,3.02074460343533,0,50,NA,NA,0
60,1,0.6,0.3,0.5,50,1,1,0,12.36,23,3.00855921853444,0,50,0.652207289283976,0.256141523240796,50
60,1,0.6,0.3,1,50,1,1,0,13.24,57,3.14649140524256,0,50,1.48991638604092,0.253862234225093,50
60,1,0.6,0.4,0.001,50,1,0,1,15.44,1,2.92183895126731,0,50,NA,NA,0
60,1,0.6,0.4,0.01,50,1,0,1,15.44,1,2.92183895126731,0,50,NA,NA,0
60,1,0.6,0.4,0.1,50,1,0,1,15.28,4,2.71082486128695,0,50,NA,NA,0
60,1,0.6,0.4,0.5,50,1,0.68,0,17.2,23,4.26183825433608,0,50,0.472516863982762,0.147067841986114,34
60,1,0.6,0.4,1,50,1,1,0,20.18,57,5.92018339484272,0,50,1.08063507973174,0.297490779483251,50
60,1,0.7,0.2,0.001,50,1,0,1,7.4,1,1.57790871674104,0,50,NA,NA,0
60,1,0.7,0.2,0.01,50,1,0,1,7.4,1,1.57790871674104,0,50,NA,NA,0
60,1,0.7,0.2,0.1,50,1,0,0.98,7.4,4,1.57790871674104,0,50,NA,NA,0
60,1,0.7,0.2,0.5,50,1,1,0,7.4,23,1.57790871674104,0,50,1.15722079697134,0.219957146806866,50
60,1,0.7,0.2,1,50,1,1,0,7.52,57,1.58100975225793,0,50,2.04855924455241,0.22056644754974,50
60,1,0.7,0.3,0.001,50,1,0,1,8.46,1,1.16426380347481,0,50,NA,NA,0
60,1,0.7,0.3,0.01,50,1,0,1,8.46,1,1.16426380347481,0,50,NA,NA,0
60,1,0.7,0.3,0.1,50,1,0,1,8.46,4,1.16426380347481,0,50,NA,NA,0
60,1,0.7,0.3,0.5,50,1,1,0,8.46,23,1.16426380347481,0,50,1.0112533580524,0.157356116314112,50
60,1,0.7,0.3,1,50,1,1,0,9.36,57,2.3190427300232,0,50,1.83318342861939,0.22785942798619,50
60,1,0.7,0.4,0.001,50,1,0,1,12.96,1,2.87110872419044,0,50,NA,NA,0
60,1,0.7,0.4,0.01,50,1,0,1,12.96,1,2.87110872419044,0,50,NA,NA,0
60,1,0.7,0.4,0.1,50,1,0,1,12.96,4,2.87110872419044,0,50,NA,NA,0
60,1,0.7,0.4,0.5,50,1,1,0,12.72,23,2.94188610886809,0,50,0.621557751858016,0.250465134435174,50
60,1,0.7,0.4,1,50,1,1,0,13.68,57,2.51071174557888,0,50,1.44738270396086,0.213755982255322,50
60,1.5,0.5,0.2,0.001,50,1,0,1,13.28,1,3.0307269956974,0,50,NA,NA,0
60,1.5,0.5,0.2,0.01,50,1,0,1,13.28,1,3.0307269956974,0,50,NA,NA,0
60,1.5,0.5,0.2,0.1,50,1,0,0.98,13.28,4,3.0307269956974,0,50,NA,NA,0
60,1.5,0.5,0.2,0.5,50,1,0.64,0.02,16.66,23,6.25515297778641,0,50,0.641052676881639,0.334808343382545,32
60,1.5,0.5,0.2,1,50,1,1,0,23.14,57,9.33942706803708,0,50,1.00659844201366,0.508399080025613,50
60,1.5,0.5,0.3,0.001,50,1,0,1,19.64,1,3.98855505522632,0,50,NA,NA,0
60,1.5,0.5,0.3,0.01,50,1,0,1,19.64,1,3.98855505522632,0,50,NA,NA,0
60,1.5,0.5,0.3,0.1,50,1,0,1,20.48,4,5.02337393733392,0,50,NA,NA,0
60,1.5,0.5,0.3,0.5,50,1,0.12,0.5,29.8,23,10.3588668515905,0,50,0.42744401482694,0,6
60,1.5,0.5,0.3,1,50,1,0.46,0.1,48.56,57,18.5672083116928,0,50,0.613577388718251,0.28524378577315,23
60,1.5,0.5,0.4,0.001,50,1,0,1,50.94,1,20.356426052543,0,50,NA,NA,0
60,1.5,0.5,0.4,0.01,50,1,0,1,52.4,1,20.7816638174235,0,50,NA,NA,0
60,1.5,0.5,0.4,0.1,50,1,0,1,66.98,4,25.9075987592325,0,50,NA,NA,0
60,1.5,0.5,0.4,0.5,50,1,0,0.98,132.48,23,88.5138614764342,0,50,NA,NA,0
60,1.5,0.5,0.4,1,50,1,0.04,0.92,250.56,57,201.129581542419,0,50,0.68354469064192,0.316801319438035,2
60,1.5,0.6,0.2,0.001,50,1,0,1,11.42,1,3.15639939533278,0,50,NA,NA,0
60,1.5,0.6,0.2,0.01,50,1,0,1,11.42,1,3.15639939533278,0,50,NA,NA,0
60,1.5,0.6,0.2,0.1,50,1,0,0.98,11.3,4,3.13147288811185,0,50,NA,NA,0
60,1.5,0.6,0.2,0.5,50,1,1,0,12.74,23,3.12207414049947,0,50,0.627559843707023,0.292098290569925,50
60,1.5,0.6,0.2,1,50,1,1,0,15.38,57,4.38406204335659,0,50,1.35601184819038,0.325637241866393,50
60,1.5,0.6,0.3,0.001,50,1,0,1,14.16,1,2.10305899652319,0,50,NA,NA,0
60,1.5,0.6,0.3,0.01,50,1,0,1,14.16,1,2.10305899652319,0,50,NA,NA,0
60,1.5,0.6,0.3,0.1,50,1,0,1,14.32,4,2.44481959603216,0,50,NA,NA,0
60,1.5,0.6,0.3,0.5,50,1,0.68,0.04,17.5,23,5.88061498935793,0,50,0.511392035746948,0.263442234876848,34
60,1.5,0.6,0.3,1,50,1,1,0,23.28,57,8.05602829170397,0,50,0.965327566375978,0.408423218156735,50
60,1.5,0.6,0.4,0.001,50,1,0,1,20.84,1,5.07237415731891,0,50,NA,NA,0
60,1.5,0.6,0.4,0.01,50,1,0,1,20.84,1,5.07237415731891,0,50,NA,NA,0
60,1.5,0.6,0.4,0.1,50,1,0,1,21,4,5.01019369050005,0,50,NA,NA,0
60,1.5,0.6,0.4,0.5,50,1,0.1,0.64,33.54,23,13.773992055423,0,50,0.529609139580138,0.228448163877897,5
60,1.5,0.6,0.4,1,50,1,0.58,0.16,48.06,57,20.8878541018361,0,50,0.566966548343568,0.226412632103271,29
60,1.5,0.7,0.2,0.001,50,1,0,1,8.96,1,1.90552365720378,0,50,NA,NA,0
60,1.5,0.7,0.2,0.01,50,1,0,1,8.96,1,1.90552365720378,0,50,NA,NA,0
60,1.5,0.7,0.2,0.1,50,1,0,0.98,8.96,4,1.90552365720378,0,50,NA,NA,0
60,1.5,0.7,0.2,0.5,50,1,1,0,10.16,23,3.09944037081614,0,50,0.862220091548916,0.305817657336664,50
60,1.5,0.7,0.2,1,50,1,1,0,11.6,57,3.43451865147752,0,50,1.64117690190147,0.329482107783305,50
60,1.5,0.7,0.3,0.001,50,1,0,1,11.52,1,3.17027005866976,0,50,NA,NA,0
60,1.5,0.7,0.3,0.01,50,1,0,1,11.52,1,3.17027005866976,0,50,NA,NA,0
60,1.5,0.7,0.3,0.1,50,1,0,1,11.52,4,3.17027005866976,0,50,NA,NA,0
60,1.5,0.7,0.3,0.5,50,1,0.94,0,13.08,23,3.99407724777883,0,50,0.651201824779496,0.285977732170271,47
60,1.5,0.7,0.3,1,50,1,1,0,15.54,57,4.18554363377137,0,50,1.33768603355289,0.28746821058162,50
60,1.5,0.7,0.4,0.001,50,1,0,1,14.4,1,1.81827458019398,0,50,NA,NA,0
60,1.5,0.7,0.4,0.01,50,1,0,1,14.4,1,1.81827458019398,0,50,NA,NA,0
60,1.5,0.7,0.4,0.1,50,1,0,1,14.4,4,1.81827458019398,0,50,NA,NA,0
60,1.5,0.7,0.4,0.5,50,1,0.56,0.02,18.24,23,5.43818697278977,0,50,0.514900000654516,0.22838059317955,28
60,1.5,0.7,0.4,1,50,1,1,0,24.02,57,7.43815316116706,0,50,0.914913440865497,0.332818782735147,50
100,0.5,0.5,0.2,0.001,50,1,0,1,8.12,1,1.45181097324714,0,50,NA,NA,0
100,0.5,0.5,0.2,0.01,50,1,0,1,8.12,1,1.45181097324714,0,50,NA,NA,0
100,0.5,0.5,0.2,0.1,50,1,0,0.98,8.12,4,1.45181097324714,0,50,NA,NA,0
100,0.5,0.5,0.2,0.5,50,1,1,0,8.24,23,1.74449571685414,0,50,1.04969265855006,0.222922223338983,50
100,0.5,0.5,0.2,1,50,1,1,0,8.78,57.62,2.5176114368462,4.38406204335659,50,1.91696006932489,0.281060361322488,50
100,0.5,0.5,0.3,0.001,50,1,0,1,12.54,1,3.07199330356413,0,50,NA,NA,0
100,0.5,0.5,0.3,0.01,50,1,0,1,12.54,1,3.07199330356413,0,50,NA,NA,0
100,0.5,0.5,0.3,0.1,50,1,0,1,12.54,4,3.07199330356413,0,50,NA,NA,0
100,0.5,0.5,0.3,0.5,50,1,1,0,12.78,23,3.01891993120394,0,50,0.61945054154486,0.264663486546443,50
100,0.5,0.5,0.3,1,50,1,1,0,13.78,57.62,2.96434595463747,4.38406204335659,50,1.45562883675936,0.268649860566653,50
100,0.5,0.5,0.4,0.001,50,1,0,1,21.86,1,4.96933453435022,0,50,NA,NA,0
100,0.5,0.5,0.4,0.01,50,1,0,1,21.86,1,4.96933453435022,0,50,NA,NA,0
100,0.5,0.5,0.4,0.1,50,1,0,1,22.54,4,5.60324250149967,0,50,NA,NA,0
100,0.5,0.5,0.4,0.5,50,1,0.12,0.24,25.16,23,6.66810868758059,0,50,0.42744401482694,0,6
100,0.5,0.5,0.4,1,50,1,1,0,26.94,57,6.83451624073701,0,50,0.78087528713585,0.253870297315697,50
100,0.5,0.6,0.2,0.001,50,1,0,1,6.34,1,1.59859632305396,0,50,NA,NA,0
100,0.5,0.6,0.2,0.01,50,1,0,1,6.34,1,1.59859632305396,0,50,NA,NA,0
100,0.5,0.6,0.2,0.1,50,1,0,0.84,6.34,4,1.59859632305396,0,50,NA,NA,0
100,0.5,0.6,0.2,0.5,50,1,1,0,6.34,23,1.59859632305396,0,50,1.3194068402146,0.251284243164271,50
100,0.5,0.6,0.2,1,50,1,1,0,6.34,88,1.59859632305396,0,50,2.66124943876366,0.251284243164271,50
100,0.5,0.6,0.3,0.001,50,1,0,1,8.76,1,1.99550515316963,0,50,NA,NA,0
100,0.5,0.6,0.3,0.01,50,1,0,1,8.76,1,1.99550515316963,0,50,NA,NA,0
100,0.5,0.6,0.3,0.1,50,1,0,1,8.76,4,1.99550515316963,0,50,NA,NA,0
100,0.5,0.6,0.3,0.5,50,1,1,0,8.64,23,1.78153797349942,0,50,0.998929635263924,0.201115431111002,50
100,0.5,0.6,0.3,1,50,1,1,0,8.88,88,2.18192949623278,0,50,2.32033920886234,0.230654806478311,50
100,0.5,0.6,0.4,0.001,50,1,0,1,13.08,1,3.01587635755872,0,50,NA,NA,0
100,0.5,0.6,0.4,0.01,50,1,0,1,13.08,1,3.01587635755872,0,50,NA,NA,0
100,0.5,0.6,0.4,0.1,50,1,0,1,13.08,4,3.01587635755872,0,50,NA,NA,0
100,0.5,0.6,0.4,0.5,50,1,1,0,13.2,23,2.96922995583236,0,50,0.586693793805744,0.268877736426573,50
100,0.5,0.6,0.4,1,50,1,1,0,13.96,88,2.94133108837284,0,50,1.86890494968166,0.255242776599476,50
100,0.5,0.7,0.2,0.001,50,1,0,1,5,1,1.01015254455221,0,50,NA,NA,0
100,0.5,0.7,0.2,0.01,50,1,0,1,5,1,1.01015254455221,0,50,NA,NA,0
100,0.5,0.7,0.2,0.1,50,1,0,0.5,5,4,1.01015254455221,0,50,NA,NA,0
100,0.5,0.7,0.2,0.5,50,1,1,0,5,23,1.01015254455221,0,50,1.54646730075518,0.2047908053413,50
100,0.5,0.7,0.2,1,50,1,1,0,5,88,1.01015254455221,0,50,2.88830989930423,0.2047908053413,50
100,0.5,0.7,0.3,0.001,50,1,0,1,6.04,1,1.53808786670797,0,50,NA,NA,0
100,0.5,0.7,0.3,0.01,50,1,0,1,6.04,1,1.53808786670797,0,50,NA,NA,0
100,0.5,0.7,0.3,0.1,50,1,0,0.78,6.04,4,1.53808786670797,0,50,NA,NA,0
100,0.5,0.7,0.3,0.5,50,1,1,0,6.04,23,1.53808786670797,0,50,1.36806265318758,0.251284243164271,50
100,0.5,0.7,0.3,1,50,1,1,0,6.22,88,1.69380624388881,0,50,2.68557734525015,0.271685704732721,50
100,0.5,0.7,0.4,0.001,50,1,0,1,8.72,1,1.78474259277045,0,50,NA,NA,0
100,0.5,0.7,0.4,0.01,50,1,0,1,8.72,1,1.78474259277045,0,50,NA,NA,0
100,0.5,0.7,0.4,0.1,50,1,0,0.98,8.72,4,1.78474259277045,0,50,NA,NA,0
100,0.5,0.7,0.4,0.5,50,1,1,0,8.72,23,1.78474259277045,0,50,0.99082033310176,0.211516794042972,50
100,0.5,0.7,0.4,1,50,1,1,0,8.96,88,2.17555997952017,0,50,2.31222990670018,0.239071995368999,50
100,1,0.5,0.2,0.001,50,1,0,1,9.84,1,2.35051014870893,0,50,NA,NA,0
100,1,0.5,0.2,0.01,50,1,0,1,9.84,1,2.35051014870893,0,50,NA,NA,0
100,1,0.5,0.2,0.1,50,1,0,1,9.84,4,2.35051014870893,0,50,NA,NA,0
100,1,0.5,0.2,0.5,50,1,1,0,10.44,23,2.79328641202291,0,50,0.821673580738099,0.249134358679959,50
100,1,0.5,0.2,1,50,1,1,0,11.4,57,3.14934395500694,0,50,1.64749853284094,0.28001093920365,50
100,1,0.5,0.3,0.001,50,1,0,1,14.22,1,2.16926584025893,0,50,NA,NA,0
100,1,0.5,0.3,0.01,50,1,0,1,14.22,1,2.16926584025893,0,50,NA,NA,0
100,1,0.5,0.3,0.1,50,1,0,1,14.22,4,2.16926584025893,0,50,NA,NA,0
100,1,0.5,0.3,0.5,50,1,0.94,0,14.82,23,2.91155334094068,0,50,0.490414083485197,0.192070763012949,47
100,1,0.5,0.3,1,50,1,1,0,17.88,57,3.87898577108049,0,50,1.18112122139464,0.207256156430902,50
100,1,0.5,0.4,0.001,50,1,0,1,26.52,1,6.91121537496725,0,50,NA,NA,0
100,1,0.5,0.4,0.01,50,1,0,1,26.78,1,7.01976800593459,0,50,NA,NA,0
100,1,0.5,0.4,0.1,50,1,0,1,28.08,4,7.4006067043072,0,50,NA,NA,0
100,1,0.5,0.4,0.5,50,1,0,0.76,37.5,23,11.7512483053799,0,50,NA,NA,0
100,1,0.5,0.4,1,50,1,0.48,0.06,47.22,57,16.2722876983777,0,50,0.57153851001018,0.19817292448539,24
100,1,0.6,0.2,0.001,50,1,0,1,7.74,1,1.68801296058473,0,50,NA,NA,0
100,1,0.6,0.2,0.01,50,1,0,1,7.74,1,1.68801296058473,0,50,NA,NA,0
100,1,0.6,0.2,0.1,50,1,0,0.94,7.74,4,1.68801296058473,0,50,NA,NA,0
100,1,0.6,0.2,0.5,50,1,1,0,7.68,23,1.69561258570946,0,50,1.12478358832269,0.248599505422206,50
100,1,0.6,0.2,1,50,1,1,0,7.86,57,1.66610875015617,0,50,2.0080127337416,0.24574896640956,50
100,1,0.6,0.3,0.001,50,1,0,1,9.9,1,2.51728716952944,0,50,NA,NA,0
100,1,0.6,0.3,0.01,50,1,0,1,9.9,1,2.51728716952944,0,50,NA,NA,0
100,1,0.6,0.3,0.1,50,1,0,1,9.9,4,2.51728716952944,0,50,NA,NA,0
100,1,0.6,0.3,0.5,50,1,1,0,10.14,23,2.70305949106654,0,50,0.850215907850902,0.246440119135443,50
100,1,0.6,0.3,1,50,1,1,0,10.98,57,3.12651595882962,0,50,1.68625737242906,0.282736562334341,50
100,1,0.6,0.4,0.001,50,1,0,1,13.94,1,2.54277688476875,0,50,NA,NA,0
100,1,0.6,0.4,0.01,50,1,0,1,13.94,1,2.54277688476875,0,50,NA,NA,0
100,1,0.6,0.4,0.1,50,1,0,0.98,14.1,4,2.8446153931057,0,50,NA,NA,0
100,1,0.6,0.4,0.5,50,1,0.86,0,15.18,23,3.998418054528,0,50,0.529460516747364,0.261186789634737,43
100,1,0.6,0.4,1,50,1,1,0,17.44,57,5.13555036495802,0,50,1.23943392966465,0.36608712834335,50
100,1,0.7,0.2,0.001,50,1,0,1,6.12,1,1.25584348433348,0,50,NA,NA,0
100,1,0.7,0.2,0.01,50,1,0,1,6.12,1,1.25584348433348,0,50,NA,NA,0
100,1,0.7,0.2,0.1,50,1,0,0.88,6.12,4,1.25584348433348,0,50,NA,NA,0
100,1,0.7,0.2,0.5,50,1,1,0,6.24,23,1.37855292363598,0,50,1.32751614237677,0.216110100350085,50
100,1,0.7,0.2,1,50,1,1,0,6.48,57,1.56804831245854,0,50,2.20263598563352,0.240783829007914,50
100,1,0.7,0.3,0.001,50,1,0,1,7.36,1,1.63831670706645,0,50,NA,NA,0
100,1,0.7,0.3,0.01,50,1,0,1,7.36,1,1.63831670706645,0,50,NA,NA,0
100,1,0.7,0.3,0.1,50,1,0,0.96,7.36,4,1.63831670706645,0,50,NA,NA,0
100,1,0.7,0.3,0.5,50,1,1,0,7.36,23,1.63831670706645,0,50,1.1653300991335,0.233999820666967,50
100,1,0.7,0.3,1,50,1,1,0,7.82,57,2.14466590329,0,50,2.02001691743961,0.25869470932172,50
100,1,0.7,0.4,0.001,50,1,0,1,9.94,1,2.95828135433879,0,50,NA,NA,0
100,1,0.7,0.4,0.01,50,1,0,1,9.94,1,2.95828135433879,0,50,NA,NA,0
100,1,0.7,0.4,0.1,50,1,0,0.96,9.94,4,2.95828135433879,0,50,NA,NA,0
100,1,0.7,0.4,0.5,50,1,1,0,10.36,23,3.1282778727248,0,50,0.843894276911433,0.314671307124634,50
100,1,0.7,0.4,1,50,1,1,0,11.86,57,3.45826428092688,0,50,1.62074387695083,0.341993471790222,50
100,1.5,0.5,0.2,0.001,50,1,0,1,11.56,1,3.51184584292787,0,50,NA,NA,0
100,1.5,0.5,0.2,0.01,50,1,0,1,11.56,1,3.51184584292787,0,50,NA,NA,0
100,1.5,0.5,0.2,0.1,50,1,0,0.96,11.56,4,3.51184584292787,0,50,NA,NA,0
100,1.5,0.5,0.2,0.5,50,1,0.96,0,13.26,23,3.86406785760334,0,50,0.629312971015079,0.342361259317993,48
100,1.5,0.5,0.2,1,50,1,1,0,16.52,57,6.26698508381952,0,50,1.32342124280466,0.448201405588431,50
100,1.5,0.5,0.3,0.001,50,1,0,1,16.68,1,3.77661980385333,0,50,NA,NA,0
100,1.5,0.5,0.3,0.01,50,1,0,1,16.68,1,3.77661980385333,0,50,NA,NA,0
100,1.5,0.5,0.3,0.1,50,1,0,1,16.96,4,3.71406592756318,0,50,NA,NA,0
100,1.5,0.5,0.3,0.5,50,1,0.26,0.26,24.06,23,8.12757965327982,0,50,0.5060325723294,0.191832291767597,13
100,1.5,0.5,0.3,1,50,1,0.76,0,35.52,57,14.613720139873,0,50,0.753799563898228,0.409080882370266,38
100,1.5,0.5,0.4,0.001,50,1,0,1,40.68,1,15.5870694710031,0,50,NA,NA,0
100,1.5,0.5,0.4,0.01,50,1,0,1,41.78,1,15.6769556603159,0,50,NA,NA,0
100,1.5,0.5,0.4,0.1,50,1,0,1,53.02,4,22.9324562797012,0,50,NA,NA,0
100,1.5,0.5,0.4,0.5,50,1,0,0.98,94.14,23,43.0524170313921,0,50,NA,NA,0
100,1.5,0.5,0.4,1,50,1,0.08,0.82,157.46,57,95.7872238082823,0,50,0.57153851001018,0.22401236126348,4
100,1.5,0.6,0.2,0.001,50,1,0,1,8.7,1,2.41804441140154,0,50,NA,NA,0
100,1.5,0.6,0.2,0.01,50,1,0,1,8.7,1,2.41804441140154,0,50,NA,NA,0
100,1.5,0.6,0.2,0.1,50,1,0,0.94,8.7,4,2.41804441140154,0,50,NA,NA,0
100,1.5,0.6,0.2,0.5,50,1,1,0,9.66,23,3.37221540455142,0,50,0.929201719159379,0.361833244218755,50
100,1.5,0.6,0.2,1,50,1,1,0,11.74,57,4.11968891236873,0,50,1.65274150746511,0.408338025966112,50
100,1.5,0.6,0.3,0.001,50,1,0,1,12.26,1,3.19955354028384,0,50,NA,NA,0
100,1.5,0.6,0.3,0.01,50,1,0,1,12.26,1,3.19955354028384,0,50,NA,NA,0
100,1.5,0.6,0.3,0.1,50,1,0,0.98,12.26,4,3.19955354028384,0,50,NA,NA,0
100,1.5,0.6,0.3,0.5,50,1,0.94,0,13.58,23,3.82307708101039,0,50,0.607727303607922,0.290151419727957,47
100,1.5,0.6,0.3,1,50,1,1,0,17.52,57,5.84926299212306,0,50,1.24279715800259,0.381338197135972,50
100,1.5,0.6,0.4,0.001,50,1,0,1,17.4,1,3.70328039909021,0,50,NA,NA,0
100,1.5,0.6,0.4,0.01,50,1,0,1,17.4,1,3.70328039909021,0,50,NA,NA,0
100,1.5,0.6,0.4,0.1,50,1,0,1,17.72,4,3.82814496558725,0,50,NA,NA,0
100,1.5,0.6,0.4,0.5,50,1,0.1,0.3,26.1,23,6.9612630803231,0,50,0.42744401482694,0,5
100,1.5,0.6,0.4,1,50,1,0.82,0,36.08,57,11.7018051982572,0,50,0.62243987626879,0.25752597295855,41
100,1.5,0.7,0.2,0.001,50,1,0,1,7.84,1,1.60814254622518,0,50,NA,NA,0
100,1.5,0.7,0.2,0.01,50,1,0,1,7.84,1,1.60814254622518,0,50,NA,NA,0
100,1.5,0.7,0.2,0.1,50,1,0,0.96,7.84,4,1.60814254622518,0,50,NA,NA,0
100,1.5,0.7,0.2,0.5,50,1,1,0,8.02,23,1.55825648251696,0,50,1.07612777534971,0.225976237609991,50
100,1.5,0.7,0.2,1,50,1,1,0,9.76,57,2.91764512256451,0,50,1.80853598304244,0.303473825739824,50
100,1.5,0.7,0.3,0.001,50,1,0,1,9.76,1,2.91764512256451,0,50,NA,NA,0
100,1.5,0.7,0.3,0.01,50,1,0,1,9.64,1,2.81946586343975,0,50,NA,NA,0
100,1.5,0.7,0.3,0.1,50,1,0,0.96,9.64,4,2.81946586343975,0,50,NA,NA,0
100,1.5,0.7,0.3,0.5,50,1,1,0,11.02,23,3.47874009564687,0,50,0.790704504221677,0.348129239625898,50
100,1.5,0.7,0.3,1,50,1,1,0,13.6,57,4.09579176766613,0,50,1.49082490099486,0.374051496072108,50
100,1.5,0.7,0.4,0.001,50,1,0,1,13.26,1,2.84863017563723,0,50,NA,NA,0
100,1.5,0.7,0.4,0.01,50,1,0,1,13.26,1,2.84863017563723,0,50,NA,NA,0
100,1.5,0.7,0.4,0.1,50,1,0,1,13.14,4,2.89975368412068,0,50,NA,NA,0
100,1.5,0.7,0.4,0.5,50,1,0.82,0,15.54,23,4.18554363377137,0,50,0.524547538594503,0.22464709798052,41
100,1.5,0.7,0.4,1,50,1,1,0,20.72,57,7.03066171008339,0,50,1.07415865735038,0.372611430091666,50
